Commodity,Variation,Year,Month,Rainfall,Temperature,Humidity,Pesticide,Price
0,0,0,0,34,24,81,562.0,"1,994"
0,1,0,0,34,24,81,562.0,"1,753"
0,2,0,0,34,24,81,562.0,"1,588"
0,3,0,0,34,24,81,562.0,"2,236"
0,4,0,0,34,24,81,562.0,"3,988"
1,5,0,0,34,24,81,562.0,-
1,6,0,0,34,24,81,562.0,-
1,7,0,0,34,24,81,562.0,-
2,8,0,0,34,24,81,562.0,"2,342"
2,5,0,0,34,24,81,562.0,"1,940"
2,6,0,0,34,24,81,562.0,"1,648"
2,7,0,0,34,24,81,562.0,-
3,8,0,0,34,24,81,562.0,"4,792"
3,5,0,0,34,24,81,562.0,"3,298"
3,6,0,0,34,24,81,562.0,"2,697"
3,7,0,0,34,24,81,562.0,"4,551"
4,1,0,0,34,24,81,562.0,-
4,6,0,0,34,24,81,562.0,"2,661"
4,3,0,0,34,24,81,562.0,-
5,8,0,0,34,24,81,562.0,"4,557"
5,5,0,0,34,24,81,562.0,"3,474"
5,6,0,0,34,24,81,562.0,"2,663"
5,7,0,0,34,24,81,562.0,"4,580"
6,9,0,0,34,24,81,562.0,"2,764"
7,10,0,0,34,24,81,562.0,"8,873"
7,11,0,0,34,24,81,562.0,"8,337"
7,12,0,0,34,24,81,562.0,"6,337"
8,13,0,0,34,24,81,562.0,"2,486"
8,14,0,0,34,24,81,562.0,"2,576"
9,13,0,0,34,24,81,562.0,"2,750"
9,14,0,0,34,24,81,562.0,"2,603"
10,15,0,0,34,24,81,562.0,"2,505"
10,16,0,0,34,24,81,562.0,"3,010"
11,15,0,0,34,24,81,562.0,"3,253"
11,17,0,0,34,24,81,562.0,"4,092"
12,18,0,0,34,24,81,562.0,"1,989"
13,19,0,0,34,24,81,562.0,7020
13,20,0,0,34,24,81,562.0,6572
13,21,0,0,34,24,81,562.0,8447
13,22,0,0,34,24,81,562.0,6706
13,23,0,0,34,24,81,562.0,January
13,24,0,0,34,24,81,562.0,3436
13,25,0,0,34,24,81,562.0,3436
13,26,0,0,34,24,81,562.0,4492
14,27,0,0,34,24,81,562.0,9169
14,28,0,0,34,24,81,562.0,9120
14,29,0,0,34,24,81,562.0,9950
14,30,0,0,34,24,81,562.0,7044
14,31,0,0,34,24,81,562.0,8670
14,32,0,0,34,24,81,562.0,12227
14,33,0,0,34,24,81,562.0,7524
14,34,0,0,34,24,81,562.0,7335
14,24,0,0,34,24,81,562.0,5449
14,25,0,0,34,24,81,562.0,3530
14,26,0,0,34,24,81,562.0,6301
15,35,0,0,34,24,81,562.0,4973
15,36,0,0,34,24,81,562.0,6120
15,37,0,0,34,24,81,562.0,6080
15,38,0,0,34,24,81,562.0,9453
16,35,0,0,34,24,81,562.0,12853
16,39,0,0,34,24,81,562.0,8681
16,40,0,0,34,24,81,562.0,7398
16,41,0,0,34,24,81,562.0,8298
16,42,0,0,34,24,81,562.0,64000
16,43,0,0,34,24,81,562.0,22884
17,35,0,0,34,24,81,562.0,3341
17,37,0,0,34,24,81,562.0,3446
17,44,0,0,34,24,81,562.0,3503
18,45,0,0,34,24,81,562.0,10642
18,46,0,0,34,24,81,562.0,8593
18,47,0,0,34,24,81,562.0,15391
18,48,0,0,34,24,81,562.0,13735
18,49,0,0,34,24,81,562.0,21923
18,50,0,0,34,24,81,562.0,4041
18,51,0,0,34,24,81,562.0,11853
18,52,0,0,34,24,81,562.0,11825
18,53,0,0,34,24,81,562.0,13333
18,54,0,0,34,24,81,562.0,12811
18,55,0,0,34,24,81,562.0,9814
18,56,0,0,34,24,81,562.0,10000
19,57,0,0,34,24,81,562.0,"2,825"
19,58,0,0,34,24,81,562.0,"4,438"
19,59,0,0,34,24,81,562.0,-
19,60,0,0,34,24,81,562.0,-
19,61,0,0,34,24,81,562.0,-
19,23,0,0,34,24,81,562.0,January
19,62,0,0,34,24,81,562.0,-
19,63,0,0,34,24,81,562.0,-
19,64,0,0,34,24,81,562.0,"4,163"
20,65,0,0,34,24,81,562.0,"33,842"
20,66,0,0,34,24,81,562.0,"14,150"
21,67,0,0,34,24,81,562.0,"10,600"
21,68,0,0,34,24,81,562.0,"8,500"
21,69,0,0,34,24,81,562.0,"6,600"
21,70,0,0,34,24,81,562.0,"14,410"
21,71,0,0,34,24,81,562.0,"10,756"
21,72,0,0,34,24,81,562.0,"7,617"
21,73,0,0,34,24,81,562.0,-
21,74,0,0,34,24,81,562.0,-
21,23,0,0,34,24,81,562.0,
21,75,0,0,34,24,81,562.0,-
21,76,0,0,34,24,81,562.0,-
21,77,0,0,34,24,81,562.0,-
21,78,0,0,34,24,81,562.0,-
21,79,0,0,34,24,81,562.0,-
21,80,0,0,34,24,81,562.0,-
21,81,0,0,34,24,81,562.0,-
21,82,0,0,34,24,81,562.0,-
21,83,0,0,34,24,81,562.0,-
21,84,0,0,34,24,81,562.0,-
21,85,0,0,34,24,81,562.0,-
22,86,0,0,34,24,81,562.0,"24,131"
22,23,0,0,34,24,81,562.0,
22,23,0,0,34,24,81,562.0,
22,1,0,0,34,24,81,562.0,"37,547"
22,87,0,0,34,24,81,562.0,"57,441"
22,88,0,0,34,24,81,562.0,"12,305"
23,87,0,0,34,24,81,562.0,"50,800"
23,23,0,0,34,24,81,562.0,
23,23,0,0,34,24,81,562.0,
23,5,0,0,34,24,81,562.0,"39,125"
23,88,0,0,34,24,81,562.0,-
24,89,0,0,34,24,81,562.0,"3,639"
24,90,0,0,34,24,81,562.0,"6,310"
25,91,0,0,34,24,81,562.0,787
25,23,0,0,34,24,81,562.0,
25,23,0,0,34,24,81,562.0,
25,92,0,0,34,24,81,562.0,"1,092"
25,93,0,0,34,24,81,562.0,788
25,94,0,0,34,24,81,562.0,733
25,95,0,0,34,24,81,562.0,"3,120"
25,96,0,0,34,24,81,562.0,"3,937"
25,97,0,0,34,24,81,562.0,169
26,98,0,0,34,24,81,562.0,117
26,23,0,0,34,24,81,562.0,January
27,23,0,0,34,24,81,562.0,
28,99,0,0,34,24,81,562.0,"55,000"
29,100,0,0,34,24,81,562.0,"5,207"
29,101,0,0,34,24,81,562.0,-
30,18,0,0,34,24,81,562.0,"80,720"
31,102,0,0,34,24,81,562.0,"6,619"
32,18,0,0,34,24,81,562.0,"6,390"
33,18,0,0,34,24,81,562.0,"6,090"
34,103,0,0,34,24,81,562.0,"2,183"
34,23,0,0,34,24,81,562.0,
34,23,0,0,34,24,81,562.0,
35,104,0,0,34,24,81,562.0,"33,661"
35,23,0,0,34,24,81,562.0,
35,23,0,0,34,24,81,562.0,
35,105,0,0,34,24,81,562.0,"32,891"
35,106,0,0,34,24,81,562.0,"33,522"
35,107,0,0,34,24,81,562.0,"10,450"
35,108,0,0,34,24,81,562.0,"24,143"
36,109,0,0,34,24,81,562.0,"49,541"
36,90,0,0,34,24,81,562.0,"67,740"
37,110,0,0,34,24,81,562.0,"1,061"
37,111,0,0,34,24,81,562.0,728
37,23,0,0,34,24,81,562.0,
37,23,0,0,34,24,81,562.0,
37,112,0,0,34,24,81,562.0,-
37,113,0,0,34,24,81,562.0,"1,037"
38,114,0,0,34,24,81,562.0,"36,625"
38,115,0,0,34,24,81,562.0,"29,724"
38,23,0,0,34,24,81,562.0,
38,23,0,0,34,24,81,562.0,
38,116,0,0,34,24,81,562.0,"25,508"
38,23,0,0,34,24,81,562.0,
38,23,0,0,34,24,81,562.0,
38,117,0,0,34,24,81,562.0,"23,888"
38,23,0,0,34,24,81,562.0,
38,23,0,0,34,24,81,562.0,
38,118,0,0,34,24,81,562.0,"21,823"
38,119,0,0,34,24,81,562.0,"35,120"
38,5,0,0,34,24,81,562.0,"28,512"
38,120,0,0,34,24,81,562.0,"23,123"
39,121,0,0,34,24,81,562.0,"20,393"
39,120,0,0,34,24,81,562.0,"15,621"
39,122,0,0,34,24,81,562.0,"58,313"
39,120,0,0,34,24,81,562.0,"47,329"
39,123,0,0,34,24,81,562.0,"65,400"
39,124,0,0,34,24,81,562.0,"40,478"
39,125,0,0,34,24,81,562.0,"85,000"
39,126,0,0,34,24,81,562.0,"31,750"
39,127,0,0,34,24,81,562.0,"11,743"
39,120,0,0,34,24,81,562.0,"10,073"
39,23,0,0,34,24,81,562.0,January
39,128,0,0,34,24,81,562.0,"62,342"
39,129,0,0,34,24,81,562.0,"61,325"
39,130,0,0,34,24,81,562.0,-
39,120,0,0,34,24,81,562.0,"36,777"
39,131,0,0,34,24,81,562.0,"16,436"
39,132,0,0,34,24,81,562.0,"60,950"
39,133,0,0,34,24,81,562.0,"43,427"
39,134,0,0,34,24,81,562.0,"13,086"
39,135,0,0,34,24,81,562.0,"15,762"
39,136,0,0,34,24,81,562.0,"12,270"
39,137,0,0,34,24,81,562.0,"80,000"
40,137,0,0,34,24,81,562.0,"185,000"
40,138,0,0,34,24,81,562.0,"47,736"
40,139,0,0,34,24,81,562.0,"37,240"
40,140,0,0,34,24,81,562.0,"70,063"
40,141,0,0,34,24,81,562.0,"44,142"
40,142,0,0,34,24,81,562.0,"74,000"
41,18,0,0,34,24,81,562.0,"30,616"
42,143,0,0,34,24,81,562.0,"9,363"
42,23,0,0,34,24,81,562.0,
42,23,0,0,34,24,81,562.0,
42,1,0,0,34,24,81,562.0,"6,719"
42,124,0,0,34,24,81,562.0,"3,628"
42,144,0,0,34,24,81,562.0,"2,522"
43,145,0,0,34,24,81,562.0,-
43,146,0,0,34,24,81,562.0,-
43,147,0,0,34,24,81,562.0,-
43,148,0,0,34,24,81,562.0,-
43,149,0,0,34,24,81,562.0,-
43,150,0,0,34,24,81,562.0,-
44,151,0,0,34,24,81,562.0,-
44,124,0,0,34,24,81,562.0,-
45,152,0,0,34,24,81,562.0,"3,193"
45,153,0,0,34,24,81,562.0,"2,110"
45,154,0,0,34,24,81,562.0,337
45,155,0,0,34,24,81,562.0,319
45,156,0,0,34,24,81,562.0,"5,199"
45,157,0,0,34,24,81,562.0,"1,900"
45,158,0,0,34,24,81,562.0,"1,324"
45,159,0,0,34,24,81,562.0,"12,024"
45,160,0,0,34,24,81,562.0,"6,012"
45,161,0,0,34,24,81,562.0,-
46,162,0,0,34,24,81,562.0,-
46,163,0,0,34,24,81,562.0,"5,661"
46,164,0,0,34,24,81,562.0,-
46,23,0,0,34,24,81,562.0,January
46,165,0,0,34,24,81,562.0,230
46,166,0,0,34,24,81,562.0,400
46,167,0,0,34,24,81,562.0,359
46,168,0,0,34,24,81,562.0,"3,375"
46,169,0,0,34,24,81,562.0,-
46,43,0,0,34,24,81,562.0,"3,262"
46,170,0,0,34,24,81,562.0,"17,155"
46,171,0,0,34,24,81,562.0,"9,757"
46,172,0,0,34,24,81,562.0,"11,875"
47,173,0,0,34,24,81,562.0,"2,508"
47,174,0,0,34,24,81,562.0,"2,030"
47,175,0,0,34,24,81,562.0,"2,201"
48,23,0,0,34,24,81,562.0,"2,646"
47,176,0,0,34,24,81,562.0,"2,687"
47,177,0,0,34,24,81,562.0,"3,243"
47,178,0,0,34,24,81,562.0,"2,155"
47,179,0,0,34,24,81,562.0,"2,302"
47,180,0,0,34,24,81,562.0,"1,916"
47,181,0,0,34,24,81,562.0,"5,710"
47,182,0,0,34,24,81,562.0,"4,528"
47,183,0,0,34,24,81,562.0,"1,763"
47,184,0,0,34,24,81,562.0,"3,760"
47,185,0,0,34,24,81,562.0,"2,583"
47,186,0,0,34,24,81,562.0,"3,427"
47,187,0,0,34,24,81,562.0,"3,733"
47,188,0,0,34,24,81,562.0,"3,449"
47,189,0,0,34,24,81,562.0,"3,062"
47,190,0,0,34,24,81,562.0,"2,541"
47,191,0,0,34,24,81,562.0,"3,135"
47,192,0,0,34,24,81,562.0,"3,600"
47,193,0,0,34,24,81,562.0,"3,649"
47,194,0,0,34,24,81,562.0,"6,347"
47,195,0,0,34,24,81,562.0,"3,058"
47,196,0,0,34,24,81,562.0,"3,340"
47,197,0,0,34,24,81,562.0,"2,556"
47,198,0,0,34,24,81,562.0,"1,237"
47,199,0,0,34,24,81,562.0,"1,769"
47,200,0,0,34,24,81,562.0,"1,596"
47,201,0,0,34,24,81,562.0,"1,441"
47,202,0,0,34,24,81,562.0,"1,669"
47,203,0,0,34,24,81,562.0,"2,520"
47,204,0,0,34,24,81,562.0,"1,826"
47,205,0,0,34,24,81,562.0,"2,125"
47,206,0,0,34,24,81,562.0,"2,776"
47,23,0,0,34,24,81,562.0,January
47,207,0,0,34,24,81,562.0,415
47,208,0,0,34,24,81,562.0,"1,353"
49,209,0,0,34,24,81,562.0,"5,796"
49,210,0,0,34,24,81,562.0,"5,840"
50,211,0,0,34,24,81,562.0,"7,080"
50,170,0,0,34,24,81,562.0,"9,249"
51,212,0,0,34,24,81,562.0,"2,602"
51,15,0,0,34,24,81,562.0,"1,537"
52,213,0,0,34,24,81,562.0,"2,776"
52,22,0,0,34,24,81,562.0,"3,578"
52,214,0,0,34,24,81,562.0,"3,262"
52,215,0,0,34,24,81,562.0,"2,904"
52,216,0,0,34,24,81,562.0,"1,241"
52,217,0,0,34,24,81,562.0,539
0,0,0,1,3,27,72,565.0,"2,110"
0,1,0,1,3,27,72,565.0,"1,916"
0,2,0,1,3,27,72,565.0,"1,719"
0,3,0,1,3,27,72,565.0,"2,365"
0,4,0,1,3,27,72,565.0,"4,365"
1,5,0,1,3,27,72,565.0,-
1,6,0,1,3,27,72,565.0,-
1,7,0,1,3,27,72,565.0,-
2,8,0,1,3,27,72,565.0,"2,484"
2,5,0,1,3,27,72,565.0,"2,085"
2,6,0,1,3,27,72,565.0,"1,675"
2,7,0,1,3,27,72,565.0,-
3,8,0,1,3,27,72,565.0,"4,901"
3,5,0,1,3,27,72,565.0,"3,400"
3,6,0,1,3,27,72,565.0,"2,813"
3,7,0,1,3,27,72,565.0,"4,428"
4,1,0,1,3,27,72,565.0,-
4,6,0,1,3,27,72,565.0,"2,759"
4,3,0,1,3,27,72,565.0,-
5,8,0,1,3,27,72,565.0,"4,698"
5,5,0,1,3,27,72,565.0,"3,627"
5,6,0,1,3,27,72,565.0,"2,776"
5,7,0,1,3,27,72,565.0,"4,423"
6,9,0,1,3,27,72,565.0,"2,856"
7,10,0,1,3,27,72,565.0,"8,932"
7,11,0,1,3,27,72,565.0,"8,394"
7,12,0,1,3,27,72,565.0,"6,360"
8,13,0,1,3,27,72,565.0,"2,480"
8,14,0,1,3,27,72,565.0,"2,593"
9,13,0,1,3,27,72,565.0,"2,700"
9,14,0,1,3,27,72,565.0,"2,569"
10,15,0,1,3,27,72,565.0,"2,493"
10,16,0,1,3,27,72,565.0,"3,013"
11,15,0,1,3,27,72,565.0,"3,211"
11,17,0,1,3,27,72,565.0,"4,094"
12,18,0,1,3,27,72,565.0,"2,053"
13,19,0,1,3,27,72,565.0,6968
13,20,0,1,3,27,72,565.0,7047
13,21,0,1,3,27,72,565.0,8621
13,22,0,1,3,27,72,565.0,6798
13,23,0,1,3,27,72,565.0,February
13,24,0,1,3,27,72,565.0,3618
13,25,0,1,3,27,72,565.0,3618
13,26,0,1,3,27,72,565.0,4802
14,27,0,1,3,27,72,565.0,9199
14,28,0,1,3,27,72,565.0,9353
14,29,0,1,3,27,72,565.0,10187
14,30,0,1,3,27,72,565.0,7038
14,31,0,1,3,27,72,565.0,9098
14,32,0,1,3,27,72,565.0,12552
14,33,0,1,3,27,72,565.0,7819
14,34,0,1,3,27,72,565.0,7646
14,24,0,1,3,27,72,565.0,5724
14,25,0,1,3,27,72,565.0,3675
14,26,0,1,3,27,72,565.0,6609
15,35,0,1,3,27,72,565.0,4828
15,36,0,1,3,27,72,565.0,6050
15,37,0,1,3,27,72,565.0,6397
15,38,0,1,3,27,72,565.0,9512
16,35,0,1,3,27,72,565.0,12793
16,39,0,1,3,27,72,565.0,8586
16,40,0,1,3,27,72,565.0,7441
16,41,0,1,3,27,72,565.0,8343
16,42,0,1,3,27,72,565.0,61250
16,43,0,1,3,27,72,565.0,22681
17,35,0,1,3,27,72,565.0,3323
17,37,0,1,3,27,72,565.0,3463
17,44,0,1,3,27,72,565.0,3518
18,45,0,1,3,27,72,565.0,10441
18,46,0,1,3,27,72,565.0,7639
18,47,0,1,3,27,72,565.0,14771
18,48,0,1,3,27,72,565.0,16931
18,49,0,1,3,27,72,565.0,23529
18,50,0,1,3,27,72,565.0,4291
18,51,0,1,3,27,72,565.0,11504
18,52,0,1,3,27,72,565.0,11286
18,53,0,1,3,27,72,565.0,13200
18,54,0,1,3,27,72,565.0,12771
18,55,0,1,3,27,72,565.0,10105
18,56,0,1,3,27,72,565.0,9667
19,57,0,1,3,27,72,565.0,"2,825"
19,58,0,1,3,27,72,565.0,"4,438"
19,59,0,1,3,27,72,565.0,-
19,60,0,1,3,27,72,565.0,-
19,61,0,1,3,27,72,565.0,-
19,23,0,1,3,27,72,565.0,February
19,62,0,1,3,27,72,565.0,-
19,63,0,1,3,27,72,565.0,-
19,64,0,1,3,27,72,565.0,"4,000"
20,65,0,1,3,27,72,565.0,"33,486"
20,66,0,1,3,27,72,565.0,"14,150"
21,67,0,1,3,27,72,565.0,"10,600"
21,68,0,1,3,27,72,565.0,"8,500"
21,69,0,1,3,27,72,565.0,"6,600"
21,70,0,1,3,27,72,565.0,"14,497"
21,71,0,1,3,27,72,565.0,"10,803"
21,72,0,1,3,27,72,565.0,"7,617"
21,73,0,1,3,27,72,565.0,-
21,74,0,1,3,27,72,565.0,-
21,23,0,1,3,27,72,565.0,
21,75,0,1,3,27,72,565.0,-
21,76,0,1,3,27,72,565.0,-
21,77,0,1,3,27,72,565.0,-
21,78,0,1,3,27,72,565.0,-
21,79,0,1,3,27,72,565.0,-
21,80,0,1,3,27,72,565.0,-
21,81,0,1,3,27,72,565.0,-
21,82,0,1,3,27,72,565.0,-
21,83,0,1,3,27,72,565.0,-
21,84,0,1,3,27,72,565.0,-
21,85,0,1,3,27,72,565.0,-
22,86,0,1,3,27,72,565.0,"23,854"
22,23,0,1,3,27,72,565.0,
22,23,0,1,3,27,72,565.0,
22,1,0,1,3,27,72,565.0,"37,033"
22,87,0,1,3,27,72,565.0,"56,875"
22,88,0,1,3,27,72,565.0,"12,429"
23,87,0,1,3,27,72,565.0,"51,750"
23,23,0,1,3,27,72,565.0,
23,23,0,1,3,27,72,565.0,
23,5,0,1,3,27,72,565.0,"39,563"
23,88,0,1,3,27,72,565.0,-
24,89,0,1,3,27,72,565.0,"3,423"
24,90,0,1,3,27,72,565.0,"6,331"
25,91,0,1,3,27,72,565.0,787
25,23,0,1,3,27,72,565.0,
25,23,0,1,3,27,72,565.0,
25,92,0,1,3,27,72,565.0,"1,093"
25,93,0,1,3,27,72,565.0,789
25,94,0,1,3,27,72,565.0,732
25,95,0,1,3,27,72,565.0,"3,378"
25,96,0,1,3,27,72,565.0,"3,963"
25,97,0,1,3,27,72,565.0,174
26,98,0,1,3,27,72,565.0,117
26,23,0,1,3,27,72,565.0,February
27,23,0,1,3,27,72,565.0,
28,99,0,1,3,27,72,565.0,"55,000"
29,100,0,1,3,27,72,565.0,"5,148"
29,101,0,1,3,27,72,565.0,-
30,18,0,1,3,27,72,565.0,"80,550"
31,102,0,1,3,27,72,565.0,"6,569"
32,18,0,1,3,27,72,565.0,"6,175"
33,18,0,1,3,27,72,565.0,"6,000"
34,103,0,1,3,27,72,565.0,"2,184"
34,23,0,1,3,27,72,565.0,
34,23,0,1,3,27,72,565.0,
35,104,0,1,3,27,72,565.0,"33,982"
35,23,0,1,3,27,72,565.0,
35,23,0,1,3,27,72,565.0,
35,105,0,1,3,27,72,565.0,"33,568"
35,106,0,1,3,27,72,565.0,"33,478"
35,107,0,1,3,27,72,565.0,"10,475"
35,108,0,1,3,27,72,565.0,"23,984"
36,109,0,1,3,27,72,565.0,"49,813"
36,90,0,1,3,27,72,565.0,"67,472"
37,110,0,1,3,27,72,565.0,"1,060"
37,111,0,1,3,27,72,565.0,716
37,23,0,1,3,27,72,565.0,
37,23,0,1,3,27,72,565.0,
37,112,0,1,3,27,72,565.0,-
37,113,0,1,3,27,72,565.0,"1,038"
38,114,0,1,3,27,72,565.0,"33,900"
38,115,0,1,3,27,72,565.0,"29,368"
38,23,0,1,3,27,72,565.0,
38,23,0,1,3,27,72,565.0,
38,116,0,1,3,27,72,565.0,"25,307"
38,23,0,1,3,27,72,565.0,
38,23,0,1,3,27,72,565.0,
38,117,0,1,3,27,72,565.0,"23,701"
38,23,0,1,3,27,72,565.0,
38,23,0,1,3,27,72,565.0,
38,118,0,1,3,27,72,565.0,"21,151"
38,119,0,1,3,27,72,565.0,"35,104"
38,5,0,1,3,27,72,565.0,"28,285"
38,120,0,1,3,27,72,565.0,"22,814"
39,121,0,1,3,27,72,565.0,"20,342"
39,120,0,1,3,27,72,565.0,"14,880"
39,122,0,1,3,27,72,565.0,"53,889"
39,120,0,1,3,27,72,565.0,-
39,123,0,1,3,27,72,565.0,"65,350"
39,124,0,1,3,27,72,565.0,"39,238"
39,125,0,1,3,27,72,565.0,"85,000"
39,126,0,1,3,27,72,565.0,"24,667"
39,127,0,1,3,27,72,565.0,"11,834"
39,120,0,1,3,27,72,565.0,"10,087"
39,23,0,1,3,27,72,565.0,February
39,128,0,1,3,27,72,565.0,"58,932"
39,129,0,1,3,27,72,565.0,"61,313"
39,130,0,1,3,27,72,565.0,"58,125"
39,120,0,1,3,27,72,565.0,"38,143"
39,131,0,1,3,27,72,565.0,"17,014"
39,132,0,1,3,27,72,565.0,"60,197"
39,133,0,1,3,27,72,565.0,"45,194"
39,134,0,1,3,27,72,565.0,"13,001"
39,135,0,1,3,27,72,565.0,"16,133"
39,136,0,1,3,27,72,565.0,"12,255"
39,137,0,1,3,27,72,565.0,"80,000"
40,137,0,1,3,27,72,565.0,"165,000"
40,138,0,1,3,27,72,565.0,"47,320"
40,139,0,1,3,27,72,565.0,"36,675"
40,140,0,1,3,27,72,565.0,"71,906"
40,141,0,1,3,27,72,565.0,"44,042"
40,142,0,1,3,27,72,565.0,"73,750"
41,18,0,1,3,27,72,565.0,"30,762"
42,143,0,1,3,27,72,565.0,"10,180"
42,23,0,1,3,27,72,565.0,
42,23,0,1,3,27,72,565.0,
42,1,0,1,3,27,72,565.0,"7,239"
42,124,0,1,3,27,72,565.0,"4,011"
42,144,0,1,3,27,72,565.0,"2,567"
43,145,0,1,3,27,72,565.0,-
43,146,0,1,3,27,72,565.0,-
43,147,0,1,3,27,72,565.0,-
43,148,0,1,3,27,72,565.0,-
43,149,0,1,3,27,72,565.0,-
43,150,0,1,3,27,72,565.0,-
44,151,0,1,3,27,72,565.0,-
44,124,0,1,3,27,72,565.0,-
45,152,0,1,3,27,72,565.0,"3,238"
45,153,0,1,3,27,72,565.0,"2,053"
45,154,0,1,3,27,72,565.0,356
45,155,0,1,3,27,72,565.0,334
45,156,0,1,3,27,72,565.0,"5,583"
45,157,0,1,3,27,72,565.0,-
45,158,0,1,3,27,72,565.0,"1,309"
45,159,0,1,3,27,72,565.0,"12,047"
45,160,0,1,3,27,72,565.0,"5,316"
45,161,0,1,3,27,72,565.0,-
46,162,0,1,3,27,72,565.0,-
46,163,0,1,3,27,72,565.0,"5,803"
46,164,0,1,3,27,72,565.0,-
46,23,0,1,3,27,72,565.0,February
46,165,0,1,3,27,72,565.0,235
46,166,0,1,3,27,72,565.0,395
46,167,0,1,3,27,72,565.0,325
46,168,0,1,3,27,72,565.0,"3,542"
46,169,0,1,3,27,72,565.0,"3,550"
46,43,0,1,3,27,72,565.0,"3,217"
46,170,0,1,3,27,72,565.0,"17,018"
46,171,0,1,3,27,72,565.0,"9,094"
46,172,0,1,3,27,72,565.0,"11,875"
47,173,0,1,3,27,72,565.0,"1,990"
47,174,0,1,3,27,72,565.0,"1,540"
47,175,0,1,3,27,72,565.0,"1,586"
48,23,0,1,3,27,72,565.0,"2,060"
47,176,0,1,3,27,72,565.0,"4,145"
47,177,0,1,3,27,72,565.0,"3,631"
47,178,0,1,3,27,72,565.0,"2,582"
47,179,0,1,3,27,72,565.0,"2,199"
47,180,0,1,3,27,72,565.0,"1,973"
47,181,0,1,3,27,72,565.0,"8,442"
47,182,0,1,3,27,72,565.0,"5,710"
47,183,0,1,3,27,72,565.0,"1,860"
47,184,0,1,3,27,72,565.0,"4,050"
47,185,0,1,3,27,72,565.0,"3,133"
47,186,0,1,3,27,72,565.0,"3,750"
47,187,0,1,3,27,72,565.0,"3,250"
47,188,0,1,3,27,72,565.0,"3,970"
47,189,0,1,3,27,72,565.0,"2,486"
47,190,0,1,3,27,72,565.0,"2,087"
47,191,0,1,3,27,72,565.0,"2,842"
47,192,0,1,3,27,72,565.0,"3,841"
47,193,0,1,3,27,72,565.0,"2,562"
47,194,0,1,3,27,72,565.0,"4,944"
47,195,0,1,3,27,72,565.0,"3,496"
47,196,0,1,3,27,72,565.0,"3,531"
47,197,0,1,3,27,72,565.0,"2,360"
47,198,0,1,3,27,72,565.0,"1,273"
47,199,0,1,3,27,72,565.0,"1,742"
47,200,0,1,3,27,72,565.0,"1,499"
47,201,0,1,3,27,72,565.0,"1,507"
47,202,0,1,3,27,72,565.0,"1,678"
47,203,0,1,3,27,72,565.0,"2,136"
47,204,0,1,3,27,72,565.0,"1,529"
47,205,0,1,3,27,72,565.0,"1,685"
47,206,0,1,3,27,72,565.0,"2,189"
47,23,0,1,3,27,72,565.0,February
47,207,0,1,3,27,72,565.0,377
47,208,0,1,3,27,72,565.0,"1,350"
49,209,0,1,3,27,72,565.0,"5,851"
49,210,0,1,3,27,72,565.0,"5,822"
50,211,0,1,3,27,72,565.0,"7,417"
50,170,0,1,3,27,72,565.0,"9,125"
51,212,0,1,3,27,72,565.0,"2,598"
51,15,0,1,3,27,72,565.0,"1,516"
52,213,0,1,3,27,72,565.0,"2,899"
52,22,0,1,3,27,72,565.0,"3,528"
52,214,0,1,3,27,72,565.0,"3,230"
52,215,0,1,3,27,72,565.0,"2,906"
52,216,0,1,3,27,72,565.0,"1,235"
52,217,0,1,3,27,72,565.0,538
0,0,0,2,21,32,68,567.0,2248
0,1,0,2,21,32,68,567.0,1994
0,2,0,2,21,32,68,567.0,1822
0,3,0,2,21,32,68,567.0,2419
0,4,0,2,21,32,68,567.0,4455
1,5,0,2,21,32,68,567.0,2025
1,6,0,2,21,32,68,567.0,1850
1,7,0,2,21,32,68,567.0,-
2,8,0,2,21,32,68,567.0,2544
2,5,0,2,21,32,68,567.0,2161
2,6,0,2,21,32,68,567.0,1823
2,7,0,2,21,32,68,567.0,-
3,8,0,2,21,32,68,567.0,5014
3,5,0,2,21,32,68,567.0,3563
3,6,0,2,21,32,68,567.0,2962
3,7,0,2,21,32,68,567.0,4538
4,1,0,2,21,32,68,567.0,-
4,6,0,2,21,32,68,567.0,3063
4,3,0,2,21,32,68,567.0,-
5,8,0,2,21,32,68,567.0,4814
5,5,0,2,21,32,68,567.0,3752
5,6,0,2,21,32,68,567.0,2912
5,7,0,2,21,32,68,567.0,4570
6,9,0,2,21,32,68,567.0,2928
7,10,0,2,21,32,68,567.0,8988
7,11,0,2,21,32,68,567.0,8429
7,12,0,2,21,32,68,567.0,6402
8,13,0,2,21,32,68,567.0,2453
8,14,0,2,21,32,68,567.0,2527
9,13,0,2,21,32,68,567.0,2250
9,14,0,2,21,32,68,567.0,2585
10,15,0,2,21,32,68,567.0,2472
10,16,0,2,21,32,68,567.0,3008
11,15,0,2,21,32,68,567.0,3194
11,17,0,2,21,32,68,567.0,4097
12,18,0,2,21,32,68,567.0,2082
13,19,0,2,21,32,68,567.0,7119
13,20,0,2,21,32,68,567.0,7077
13,21,0,2,21,32,68,567.0,8568
13,22,0,2,21,32,68,567.0,6818
13,23,0,2,21,32,68,567.0,March
13,24,0,2,21,32,68,567.0,4316
13,25,0,2,21,32,68,567.0,4316
13,26,0,2,21,32,68,567.0,4793
14,27,0,2,21,32,68,567.0,9211
14,28,0,2,21,32,68,567.0,9449
14,29,0,2,21,32,68,567.0,10139
14,30,0,2,21,32,68,567.0,6663
14,31,0,2,21,32,68,567.0,8283
14,32,0,2,21,32,68,567.0,12230
14,33,0,2,21,32,68,567.0,7320
14,34,0,2,21,32,68,567.0,7441
14,24,0,2,21,32,68,567.0,6716
14,25,0,2,21,32,68,567.0,3541
14,26,0,2,21,32,68,567.0,6669
15,35,0,2,21,32,68,567.0,4674
15,36,0,2,21,32,68,567.0,5863
15,37,0,2,21,32,68,567.0,10669
15,38,0,2,21,32,68,567.0,9482
16,35,0,2,21,32,68,567.0,12868
16,39,0,2,21,32,68,567.0,8580
16,40,0,2,21,32,68,567.0,7239
16,41,0,2,21,32,68,567.0,8263
16,42,0,2,21,32,68,567.0,56500
16,43,0,2,21,32,68,567.0,22795
17,35,0,2,21,32,68,567.0,3311
17,37,0,2,21,32,68,567.0,3685
17,44,0,2,21,32,68,567.0,3538
18,45,0,2,21,32,68,567.0,4261
18,46,0,2,21,32,68,567.0,4893
18,47,0,2,21,32,68,567.0,7019
18,48,0,2,21,32,68,567.0,14636
18,49,0,2,21,32,68,567.0,18326
18,50,0,2,21,32,68,567.0,4221
18,51,0,2,21,32,68,567.0,10902
18,52,0,2,21,32,68,567.0,90867
18,53,0,2,21,32,68,567.0,10500
18,54,0,2,21,32,68,567.0,11779
18,55,0,2,21,32,68,567.0,8523
18,56,0,2,21,32,68,567.0,9131
19,57,0,2,21,32,68,567.0,"2,825"
19,58,0,2,21,32,68,567.0,"4,438"
19,59,0,2,21,32,68,567.0,-
19,60,0,2,21,32,68,567.0,-
19,61,0,2,21,32,68,567.0,-
19,23,0,2,21,32,68,567.0,March
19,62,0,2,21,32,68,567.0,-
19,63,0,2,21,32,68,567.0,-
19,64,0,2,21,32,68,567.0,"4,000"
20,65,0,2,21,32,68,567.0,"33,486"
20,66,0,2,21,32,68,567.0,"14,150"
21,67,0,2,21,32,68,567.0,"10,600"
21,68,0,2,21,32,68,567.0,"8,500"
21,69,0,2,21,32,68,567.0,"6,600"
21,70,0,2,21,32,68,567.0,"14,497"
21,71,0,2,21,32,68,567.0,"10,803"
21,72,0,2,21,32,68,567.0,"7,617"
21,73,0,2,21,32,68,567.0,-
21,74,0,2,21,32,68,567.0,-
21,23,0,2,21,32,68,567.0,
21,75,0,2,21,32,68,567.0,-
21,76,0,2,21,32,68,567.0,-
21,77,0,2,21,32,68,567.0,-
21,78,0,2,21,32,68,567.0,-
21,79,0,2,21,32,68,567.0,-
21,80,0,2,21,32,68,567.0,-
21,81,0,2,21,32,68,567.0,-
21,82,0,2,21,32,68,567.0,-
21,83,0,2,21,32,68,567.0,-
21,84,0,2,21,32,68,567.0,-
21,85,0,2,21,32,68,567.0,-
22,86,0,2,21,32,68,567.0,"23,854"
22,23,0,2,21,32,68,567.0,
22,23,0,2,21,32,68,567.0,
22,1,0,2,21,32,68,567.0,"37,033"
22,87,0,2,21,32,68,567.0,"56,875"
22,88,0,2,21,32,68,567.0,"12,429"
23,87,0,2,21,32,68,567.0,"51,750"
23,23,0,2,21,32,68,567.0,
23,23,0,2,21,32,68,567.0,
23,5,0,2,21,32,68,567.0,"39,563"
23,88,0,2,21,32,68,567.0,-
24,89,0,2,21,32,68,567.0,"3,423"
24,90,0,2,21,32,68,567.0,-
25,91,0,2,21,32,68,567.0,787
25,23,0,2,21,32,68,567.0,
25,23,0,2,21,32,68,567.0,
25,92,0,2,21,32,68,567.0,"1,093"
25,93,0,2,21,32,68,567.0,789
25,94,0,2,21,32,68,567.0,732
25,95,0,2,21,32,68,567.0,"3,378"
25,96,0,2,21,32,68,567.0,"3,963"
25,97,0,2,21,32,68,567.0,174
26,98,0,2,21,32,68,567.0,117
26,23,0,2,21,32,68,567.0,March
27,23,0,2,21,32,68,567.0,
28,99,0,2,21,32,68,567.0,"55,000"
29,100,0,2,21,32,68,567.0,-
29,101,0,2,21,32,68,567.0,-
30,18,0,2,21,32,68,567.0,"80,550"
31,102,0,2,21,32,68,567.0,"6,569"
32,18,0,2,21,32,68,567.0,"6,175"
33,18,0,2,21,32,68,567.0,"6,000"
34,103,0,2,21,32,68,567.0,"2,184"
34,23,0,2,21,32,68,567.0,
34,23,0,2,21,32,68,567.0,
35,104,0,2,21,32,68,567.0,"34,454"
35,23,0,2,21,32,68,567.0,
35,23,0,2,21,32,68,567.0,
35,105,0,2,21,32,68,567.0,"34,237"
35,106,0,2,21,32,68,567.0,"34,688"
35,107,0,2,21,32,68,567.0,"10,594"
35,108,0,2,21,32,68,567.0,"24,714"
36,109,0,2,21,32,68,567.0,"50,120"
36,90,0,2,21,32,68,567.0,"68,311"
37,110,0,2,21,32,68,567.0,"1,075"
37,111,0,2,21,32,68,567.0,719
37,23,0,2,21,32,68,567.0,
37,23,0,2,21,32,68,567.0,
37,112,0,2,21,32,68,567.0,-
37,113,0,2,21,32,68,567.0,"1,035"
38,114,0,2,21,32,68,567.0,"33,700"
38,115,0,2,21,32,68,567.0,"29,017"
38,23,0,2,21,32,68,567.0,
38,23,0,2,21,32,68,567.0,
38,116,0,2,21,32,68,567.0,"25,209"
38,23,0,2,21,32,68,567.0,
38,23,0,2,21,32,68,567.0,
38,117,0,2,21,32,68,567.0,"23,409"
38,23,0,2,21,32,68,567.0,
38,23,0,2,21,32,68,567.0,
38,118,0,2,21,32,68,567.0,"20,145"
38,119,0,2,21,32,68,567.0,"32,688"
38,5,0,2,21,32,68,567.0,"28,330"
38,120,0,2,21,32,68,567.0,"22,672"
39,121,0,2,21,32,68,567.0,"20,511"
39,120,0,2,21,32,68,567.0,"14,864"
39,122,0,2,21,32,68,567.0,"39,000"
39,120,0,2,21,32,68,567.0,"53,323"
39,123,0,2,21,32,68,567.0,"68,100"
39,124,0,2,21,32,68,567.0,"38,961"
39,125,0,2,21,32,68,567.0,"85,000"
39,126,0,2,21,32,68,567.0,"25,500"
39,127,0,2,21,32,68,567.0,"11,967"
39,120,0,2,21,32,68,567.0,"10,085"
39,23,0,2,21,32,68,567.0,March
39,128,0,2,21,32,68,567.0,"58,757"
39,129,0,2,21,32,68,567.0,"63,583"
39,130,0,2,21,32,68,567.0,"58,981"
39,120,0,2,21,32,68,567.0,"39,633"
39,131,0,2,21,32,68,567.0,"16,990"
39,132,0,2,21,32,68,567.0,"60,222"
39,133,0,2,21,32,68,567.0,"45,230"
39,134,0,2,21,32,68,567.0,"12,989"
39,135,0,2,21,32,68,567.0,"15,840"
39,136,0,2,21,32,68,567.0,"12,255"
39,137,0,2,21,32,68,567.0,"80,000"
40,137,0,2,21,32,68,567.0,"135,000"
40,138,0,2,21,32,68,567.0,"46,975"
40,139,0,2,21,32,68,567.0,"36,925"
40,140,0,2,21,32,68,567.0,"71,359"
40,141,0,2,21,32,68,567.0,"43,464"
40,142,0,2,21,32,68,567.0,"75,000"
41,18,0,2,21,32,68,567.0,"30,718"
42,143,0,2,21,32,68,567.0,"11,196"
42,23,0,2,21,32,68,567.0,
42,23,0,2,21,32,68,567.0,
42,1,0,2,21,32,68,567.0,"7,326"
42,124,0,2,21,32,68,567.0,"3,945"
42,144,0,2,21,32,68,567.0,"2,400"
43,145,0,2,21,32,68,567.0,-
43,146,0,2,21,32,68,567.0,-
43,147,0,2,21,32,68,567.0,-
43,148,0,2,21,32,68,567.0,-
43,149,0,2,21,32,68,567.0,-
43,150,0,2,21,32,68,567.0,-
44,151,0,2,21,32,68,567.0,-
44,124,0,2,21,32,68,567.0,-
45,152,0,2,21,32,68,567.0,"3,236"
45,153,0,2,21,32,68,567.0,"1,878"
45,154,0,2,21,32,68,567.0,411
45,155,0,2,21,32,68,567.0,378
45,156,0,2,21,32,68,567.0,"5,586"
45,157,0,2,21,32,68,567.0,-
45,158,0,2,21,32,68,567.0,"1,342"
45,159,0,2,21,32,68,567.0,"12,228"
45,160,0,2,21,32,68,567.0,"5,256"
45,161,0,2,21,32,68,567.0,"16,139"
46,162,0,2,21,32,68,567.0,"5,547"
46,163,0,2,21,32,68,567.0,"5,685"
46,164,0,2,21,32,68,567.0,-
46,23,0,2,21,32,68,567.0,March
46,165,0,2,21,32,68,567.0,238
46,166,0,2,21,32,68,567.0,395
46,167,0,2,21,32,68,567.0,330
46,168,0,2,21,32,68,567.0,"3,375"
46,169,0,2,21,32,68,567.0,"3,325"
46,43,0,2,21,32,68,567.0,"3,220"
46,170,0,2,21,32,68,567.0,"18,746"
46,171,0,2,21,32,68,567.0,"11,366"
46,172,0,2,21,32,68,567.0,"11,875"
47,173,0,2,21,32,68,567.0,"1,951"
47,174,0,2,21,32,68,567.0,"1,491"
47,175,0,2,21,32,68,567.0,"1,529"
48,23,0,2,21,32,68,567.0,"1,940"
47,176,0,2,21,32,68,567.0,"2,500"
47,177,0,2,21,32,68,567.0,"4,231"
47,178,0,2,21,32,68,567.0,"2,182"
47,179,0,2,21,32,68,567.0,"1,977"
47,180,0,2,21,32,68,567.0,"1,715"
47,181,0,2,21,32,68,567.0,"6,487"
47,182,0,2,21,32,68,567.0,"5,012"
47,183,0,2,21,32,68,567.0,"1,883"
47,184,0,2,21,32,68,567.0,-
47,185,0,2,21,32,68,567.0,-
47,186,0,2,21,32,68,567.0,"4,031"
47,187,0,2,21,32,68,567.0,-
47,188,0,2,21,32,68,567.0,"4,548"
47,189,0,2,21,32,68,567.0,"2,046"
47,190,0,2,21,32,68,567.0,"1,722"
47,191,0,2,21,32,68,567.0,"2,587"
47,192,0,2,21,32,68,567.0,"4,029"
47,193,0,2,21,32,68,567.0,"2,029"
47,194,0,2,21,32,68,567.0,"4,162"
47,195,0,2,21,32,68,567.0,"4,073"
47,196,0,2,21,32,68,567.0,"3,459"
47,197,0,2,21,32,68,567.0,"2,700"
47,198,0,2,21,32,68,567.0,"1,250"
47,199,0,2,21,32,68,567.0,"1,740"
47,200,0,2,21,32,68,567.0,"1,521"
47,201,0,2,21,32,68,567.0,"1,481"
47,202,0,2,21,32,68,567.0,"1,666"
47,203,0,2,21,32,68,567.0,"2,073"
47,204,0,2,21,32,68,567.0,"1,455"
47,205,0,2,21,32,68,567.0,"1,742"
47,206,0,2,21,32,68,567.0,"2,045"
47,23,0,2,21,32,68,567.0,March
47,207,0,2,21,32,68,567.0,425
47,208,0,2,21,32,68,567.0,"1,362"
49,209,0,2,21,32,68,567.0,"5,914"
49,210,0,2,21,32,68,567.0,"5,915"
50,211,0,2,21,32,68,567.0,"7,417"
50,170,0,2,21,32,68,567.0,"9,154"
51,212,0,2,21,32,68,567.0,"2,589"
51,15,0,2,21,32,68,567.0,"1,513"
52,213,0,2,21,32,68,567.0,"2,922"
52,22,0,2,21,32,68,567.0,"3,541"
52,214,0,2,21,32,68,567.0,"3,271"
52,215,0,2,21,32,68,567.0,"2,925"
52,216,0,2,21,32,68,567.0,"1,247"
52,217,0,2,21,32,68,567.0,527
0,0,0,3,150,33,75,,"2,316"
0,1,0,3,150,33,75,,"2,104"
0,2,0,3,150,33,75,,"1,935"
0,3,0,3,150,33,75,,"2,474"
0,4,0,3,150,33,75,,"4,333"
1,5,0,3,150,33,75,,"2,425"
1,6,0,3,150,33,75,,"2,135"
1,7,0,3,150,33,75,,"1,975"
2,8,0,3,150,33,75,,"2,505"
2,5,0,3,150,33,75,,"2,160"
2,6,0,3,150,33,75,,"1,905"
2,7,0,3,150,33,75,,-
3,8,0,3,150,33,75,,"5,116"
3,5,0,3,150,33,75,,"3,779"
3,6,0,3,150,33,75,,"3,270"
3,7,0,3,150,33,75,,"4,629"
4,1,0,3,150,33,75,,-
4,6,0,3,150,33,75,,-
4,3,0,3,150,33,75,,-
5,8,0,3,150,33,75,,"4,938"
5,5,0,3,150,33,75,,"3,958"
5,6,0,3,150,33,75,,"3,149"
5,7,0,3,150,33,75,,"4,678"
6,9,0,3,150,33,75,,"3,261"
7,10,0,3,150,33,75,,"8,938"
7,11,0,3,150,33,75,,"8,456"
7,12,0,3,150,33,75,,"6,466"
8,13,0,3,150,33,75,,"2,476"
8,14,0,3,150,33,75,,"2,540"
9,13,0,3,150,33,75,,"2,250"
9,14,0,3,150,33,75,,"2,562"
10,15,0,3,150,33,75,,"2,479"
10,16,0,3,150,33,75,,"3,022"
11,15,0,3,150,33,75,,"3,190"
11,17,0,3,150,33,75,,"4,071"
12,18,0,3,150,33,75,,"2,102"
13,19,0,3,150,33,75,,7803
13,20,0,3,150,33,75,,6963
13,21,0,3,150,33,75,,8674
13,22,0,3,150,33,75,,6788
13,23,0,3,150,33,75,,April
13,24,0,3,150,33,75,,4757
13,25,0,3,150,33,75,,4757
13,26,0,3,150,33,75,,5513
14,27,0,3,150,33,75,,9368
14,28,0,3,150,33,75,,10152
14,29,0,3,150,33,75,,11283
14,30,0,3,150,33,75,,7544
14,31,0,3,150,33,75,,9873
14,32,0,3,150,33,75,,12980
14,33,0,3,150,33,75,,7389
14,34,0,3,150,33,75,,7709
14,24,0,3,150,33,75,,8809
14,25,0,3,150,33,75,,3882
14,26,0,3,150,33,75,,7178
15,35,0,3,150,33,75,,4953
15,36,0,3,150,33,75,,6125
15,37,0,3,150,33,75,,10075
15,38,0,3,150,33,75,,9479
16,35,0,3,150,33,75,,12977
16,39,0,3,150,33,75,,8644
16,40,0,3,150,33,75,,7127
16,41,0,3,150,33,75,,8284
16,42,0,3,150,33,75,,60000
16,43,0,3,150,33,75,,23122
17,35,0,3,150,33,75,,3354
17,37,0,3,150,33,75,,3746
17,44,0,3,150,33,75,,3658
18,45,0,3,150,33,75,,4337
18,46,0,3,150,33,75,,4069
18,47,0,3,150,33,75,,9286
18,48,0,3,150,33,75,,14793
18,49,0,3,150,33,75,,20375
18,50,0,3,150,33,75,,2656
18,51,0,3,150,33,75,,19715
18,52,0,3,150,33,75,,20971
18,53,0,3,150,33,75,,10909
18,54,0,3,150,33,75,,12170
18,55,0,3,150,33,75,,8585
18,56,0,3,150,33,75,,9315
19,57,0,3,150,33,75,,"3,447"
19,58,0,3,150,33,75,,"4,789"
19,59,0,3,150,33,75,,-
19,60,0,3,150,33,75,,-
19,61,0,3,150,33,75,,-
19,23,0,3,150,33,75,,April
19,62,0,3,150,33,75,,-
19,63,0,3,150,33,75,,-
19,64,0,3,150,33,75,,"4,088"
20,65,0,3,150,33,75,,"30,489"
20,66,0,3,150,33,75,,"14,150"
21,67,0,3,150,33,75,,"10,600"
21,68,0,3,150,33,75,,"8,500"
21,69,0,3,150,33,75,,"6,600"
21,70,0,3,150,33,75,,"14,499"
21,71,0,3,150,33,75,,"10,800"
21,72,0,3,150,33,75,,"7,617"
21,73,0,3,150,33,75,,-
21,74,0,3,150,33,75,,-
21,23,0,3,150,33,75,,
21,75,0,3,150,33,75,,-
21,76,0,3,150,33,75,,-
21,77,0,3,150,33,75,,-
21,78,0,3,150,33,75,,-
21,79,0,3,150,33,75,,-
21,80,0,3,150,33,75,,-
21,81,0,3,150,33,75,,-
21,82,0,3,150,33,75,,-
21,83,0,3,150,33,75,,-
21,84,0,3,150,33,75,,-
21,85,0,3,150,33,75,,-
22,86,0,3,150,33,75,,"23,135"
22,23,0,3,150,33,75,,
22,23,0,3,150,33,75,,
22,1,0,3,150,33,75,,"36,301"
22,87,0,3,150,33,75,,"56,317"
22,88,0,3,150,33,75,,"12,305"
23,87,0,3,150,33,75,,"43,393"
23,23,0,3,150,33,75,,
23,23,0,3,150,33,75,,
23,5,0,3,150,33,75,,"39,125"
23,88,0,3,150,33,75,,-
24,89,0,3,150,33,75,,"3,562"
24,90,0,3,150,33,75,,"4,544"
25,91,0,3,150,33,75,,787
25,23,0,3,150,33,75,,
25,23,0,3,150,33,75,,
25,92,0,3,150,33,75,,"1,092"
25,93,0,3,150,33,75,,788
25,94,0,3,150,33,75,,732
25,95,0,3,150,33,75,,"3,296"
25,96,0,3,150,33,75,,"5,459"
25,97,0,3,150,33,75,,185
26,98,0,3,150,33,75,,117
26,23,0,3,150,33,75,,April
27,23,0,3,150,33,75,,
28,99,0,3,150,33,75,,"55,000"
29,100,0,3,150,33,75,,"5,118"
29,101,0,3,150,33,75,,-
30,18,0,3,150,33,75,,"80,720"
31,102,0,3,150,33,75,,"6,569"
32,18,0,3,150,33,75,,"6,350"
33,18,0,3,150,33,75,,"6,000"
34,103,0,3,150,33,75,,"2,183"
34,23,0,3,150,33,75,,
34,23,0,3,150,33,75,,
35,104,0,3,150,33,75,,"35,605"
35,23,0,3,150,33,75,,
35,23,0,3,150,33,75,,
35,105,0,3,150,33,75,,"35,648"
35,106,0,3,150,33,75,,"34,888"
35,107,0,3,150,33,75,,"10,635"
35,108,0,3,150,33,75,,"25,400"
36,109,0,3,150,33,75,,"51,330"
36,90,0,3,150,33,75,,"70,280"
37,110,0,3,150,33,75,,"1,069"
37,111,0,3,150,33,75,,687
37,23,0,3,150,33,75,,
37,23,0,3,150,33,75,,
37,112,0,3,150,33,75,,-
37,113,0,3,150,33,75,,"1,059"
38,114,0,3,150,33,75,,"37,667"
38,115,0,3,150,33,75,,"28,944"
38,23,0,3,150,33,75,,
38,23,0,3,150,33,75,,
38,116,0,3,150,33,75,,"24,808"
38,23,0,3,150,33,75,,
38,23,0,3,150,33,75,,
38,117,0,3,150,33,75,,"24,068"
38,23,0,3,150,33,75,,
38,23,0,3,150,33,75,,
38,118,0,3,150,33,75,,"20,601"
38,119,0,3,150,33,75,,"32,583"
38,5,0,3,150,33,75,,"28,681"
38,120,0,3,150,33,75,,"22,372"
39,121,0,3,150,33,75,,"20,497"
39,120,0,3,150,33,75,,"14,885"
39,122,0,3,150,33,75,,"48,167"
39,120,0,3,150,33,75,,"43,033"
39,123,0,3,150,33,75,,"63,250"
39,124,0,3,150,33,75,,"37,813"
39,125,0,3,150,33,75,,"85,000"
39,126,0,3,150,33,75,,"31,750"
39,127,0,3,150,33,75,,"12,007"
39,120,0,3,150,33,75,,"10,413"
39,23,0,3,150,33,75,,April
39,128,0,3,150,33,75,,"58,027"
39,129,0,3,150,33,75,,"65,044"
39,130,0,3,150,33,75,,"57,263"
39,120,0,3,150,33,75,,"40,636"
39,131,0,3,150,33,75,,"15,888"
39,132,0,3,150,33,75,,"59,792"
39,133,0,3,150,33,75,,"46,529"
39,134,0,3,150,33,75,,"12,928"
39,135,0,3,150,33,75,,"15,783"
39,136,0,3,150,33,75,,"12,369"
39,137,0,3,150,33,75,,"80,000"
40,137,0,3,150,33,75,,"165,000"
40,138,0,3,150,33,75,,"49,073"
40,139,0,3,150,33,75,,"38,300"
40,140,0,3,150,33,75,,"67,056"
40,141,0,3,150,33,75,,"43,607"
40,142,0,3,150,33,75,,"75,000"
41,18,0,3,150,33,75,,"30,449"
42,143,0,3,150,33,75,,"10,675"
42,23,0,3,150,33,75,,
42,23,0,3,150,33,75,,
42,1,0,3,150,33,75,,"7,269"
42,124,0,3,150,33,75,,"3,958"
42,144,0,3,150,33,75,,"1,696"
43,145,0,3,150,33,75,,-
43,146,0,3,150,33,75,,-
43,147,0,3,150,33,75,,-
43,148,0,3,150,33,75,,-
43,149,0,3,150,33,75,,-
43,150,0,3,150,33,75,,-
44,151,0,3,150,33,75,,-
44,124,0,3,150,33,75,,-
45,152,0,3,150,33,75,,"3,556"
45,153,0,3,150,33,75,,"1,462"
45,154,0,3,150,33,75,,520
45,155,0,3,150,33,75,,452
45,156,0,3,150,33,75,,"5,353"
45,157,0,3,150,33,75,,-
45,158,0,3,150,33,75,,"1,369"
45,159,0,3,150,33,75,,"12,539"
45,160,0,3,150,33,75,,"5,388"
45,161,0,3,150,33,75,,"10,713"
46,162,0,3,150,33,75,,"4,583"
46,163,0,3,150,33,75,,"6,579"
46,164,0,3,150,33,75,,-
46,23,0,3,150,33,75,,April
46,165,0,3,150,33,75,,232
46,166,0,3,150,33,75,,397
46,167,0,3,150,33,75,,353
46,168,0,3,150,33,75,,"3,033"
46,169,0,3,150,33,75,,"2,460"
46,43,0,3,150,33,75,,"3,216"
46,170,0,3,150,33,75,,"18,368"
46,171,0,3,150,33,75,,"11,206"
46,172,0,3,150,33,75,,"15,938"
47,173,0,3,150,33,75,,"2,059"
47,174,0,3,150,33,75,,"1,737"
47,175,0,3,150,33,75,,"1,765"
48,23,0,3,150,33,75,,"1,989"
47,176,0,3,150,33,75,,"2,502"
47,177,0,3,150,33,75,,"4,187"
47,178,0,3,150,33,75,,"2,157"
47,179,0,3,150,33,75,,"2,023"
47,180,0,3,150,33,75,,"1,792"
47,181,0,3,150,33,75,,"6,286"
47,182,0,3,150,33,75,,"5,005"
47,183,0,3,150,33,75,,"1,874"
47,184,0,3,150,33,75,,"3,675"
47,185,0,3,150,33,75,,"3,100"
47,186,0,3,150,33,75,,"3,953"
47,187,0,3,150,33,75,,"3,075"
47,188,0,3,150,33,75,,"4,511"
47,189,0,3,150,33,75,,"2,183"
47,190,0,3,150,33,75,,"1,797"
47,191,0,3,150,33,75,,"2,605"
47,192,0,3,150,33,75,,"3,836"
47,193,0,3,150,33,75,,"2,125"
47,194,0,3,150,33,75,,"4,349"
47,195,0,3,150,33,75,,"4,393"
47,196,0,3,150,33,75,,"3,430"
47,197,0,3,150,33,75,,"2,995"
47,198,0,3,150,33,75,,"1,315"
47,199,0,3,150,33,75,,"1,730"
47,200,0,3,150,33,75,,"1,510"
47,201,0,3,150,33,75,,"1,479"
47,202,0,3,150,33,75,,"1,637"
47,203,0,3,150,33,75,,"2,058"
47,204,0,3,150,33,75,,"1,466"
47,205,0,3,150,33,75,,"1,765"
47,206,0,3,150,33,75,,"2,039"
47,23,0,3,150,33,75,,April
47,207,0,3,150,33,75,,422
47,208,0,3,150,33,75,,"1,299"
49,209,0,3,150,33,75,,"5,841"
49,210,0,3,150,33,75,,"5,934"
50,211,0,3,150,33,75,,"7,349"
50,170,0,3,150,33,75,,"9,079"
51,212,0,3,150,33,75,,"2,585"
51,15,0,3,150,33,75,,"1,509"
52,213,0,3,150,33,75,,"2,795"
52,22,0,3,150,33,75,,"3,612"
52,214,0,3,150,33,75,,"3,283"
52,215,0,3,150,33,75,,"2,918"
52,216,0,3,150,33,75,,"1,246"
52,217,0,3,150,33,75,,532
0,0,0,4,306,33,79,,"2,449"
0,1,0,4,306,33,79,,"2,094"
0,2,0,4,306,33,79,,"1,909"
0,3,0,4,306,33,79,,"2,494"
0,4,0,4,306,33,79,,"4,225"
1,5,0,4,306,33,79,,"2,850"
1,6,0,4,306,33,79,,-
1,7,0,4,306,33,79,,-
2,8,0,4,306,33,79,,"2,270"
2,5,0,4,306,33,79,,"2,104"
2,6,0,4,306,33,79,,"1,869"
2,7,0,4,306,33,79,,"1,988"
3,8,0,4,306,33,79,,"5,106"
3,5,0,4,306,33,79,,"3,819"
3,6,0,4,306,33,79,,"3,350"
3,7,0,4,306,33,79,,"4,775"
4,1,0,4,306,33,79,,-
4,6,0,4,306,33,79,,-
4,3,0,4,306,33,79,,-
5,8,0,4,306,33,79,,"4,894"
5,5,0,4,306,33,79,,"3,939"
5,6,0,4,306,33,79,,"3,316"
5,7,0,4,306,33,79,,"4,696"
6,9,0,4,306,33,79,,"3,294"
7,10,0,4,306,33,79,,"8,988"
7,11,0,4,306,33,79,,"8,462"
7,12,0,4,306,33,79,,"6,446"
8,13,0,4,306,33,79,,"2,490"
8,14,0,4,306,33,79,,"2,570"
9,13,0,4,306,33,79,,"2,250"
9,14,0,4,306,33,79,,"2,560"
10,15,0,4,306,33,79,,"2,482"
10,16,0,4,306,33,79,,"3,032"
11,15,0,4,306,33,79,,"3,188"
11,17,0,4,306,33,79,,"4,059"
12,18,0,4,306,33,79,,"2,029"
13,19,0,4,306,33,79,,7823
13,20,0,4,306,33,79,,6836
13,21,0,4,306,33,79,,7751
13,22,0,4,306,33,79,,6753
13,23,0,4,306,33,79,,May
13,24,0,4,306,33,79,,4755
13,25,0,4,306,33,79,,4755
13,26,0,4,306,33,79,,5334
14,27,0,4,306,33,79,,10893
14,28,0,4,306,33,79,,10491
14,29,0,4,306,33,79,,11440
14,30,0,4,306,33,79,,8146
14,31,0,4,306,33,79,,9271
14,32,0,4,306,33,79,,13274
14,33,0,4,306,33,79,,7234
14,34,0,4,306,33,79,,7690
14,24,0,4,306,33,79,,9821
14,25,0,4,306,33,79,,3988
14,26,0,4,306,33,79,,7371
15,35,0,4,306,33,79,,4991
15,36,0,4,306,33,79,,6156
15,37,0,4,306,33,79,,8919
15,38,0,4,306,33,79,,9610
16,35,0,4,306,33,79,,13029
16,39,0,4,306,33,79,,8618
16,40,0,4,306,33,79,,7105
16,41,0,4,306,33,79,,8314
16,42,0,4,306,33,79,,60000
16,43,0,4,306,33,79,,23216
17,35,0,4,306,33,79,,3363
17,37,0,4,306,33,79,,3856
17,44,0,4,306,33,79,,3758
18,45,0,4,306,33,79,,3801
18,46,0,4,306,33,79,,3433
18,47,0,4,306,33,79,,9223
18,48,0,4,306,33,79,,12632
18,49,0,4,306,33,79,,19829
18,50,0,4,306,33,79,,3017
18,51,0,4,306,33,79,,27566
18,52,0,4,306,33,79,,15243
18,53,0,4,306,33,79,,11000
18,54,0,4,306,33,79,,12483
18,55,0,4,306,33,79,,8791
18,56,0,4,306,33,79,,9249
19,57,0,4,306,33,79,,"3,383"
19,58,0,4,306,33,79,,"4,496"
19,59,0,4,306,33,79,,-
19,60,0,4,306,33,79,,-
19,61,0,4,306,33,79,,-
19,23,0,4,306,33,79,,May
19,62,0,4,306,33,79,,-
19,63,0,4,306,33,79,,-
19,64,0,4,306,33,79,,"4,800"
20,65,0,4,306,33,79,,"32,472"
20,66,0,4,306,33,79,,"14,150"
21,67,0,4,306,33,79,,"10,600"
21,68,0,4,306,33,79,,"8,500"
21,69,0,4,306,33,79,,"6,600"
21,70,0,4,306,33,79,,"13,293"
21,71,0,4,306,33,79,,"10,789"
21,72,0,4,306,33,79,,"7,617"
21,73,0,4,306,33,79,,-
21,74,0,4,306,33,79,,-
21,23,0,4,306,33,79,,
21,75,0,4,306,33,79,,-
21,76,0,4,306,33,79,,-
21,77,0,4,306,33,79,,-
21,78,0,4,306,33,79,,-
21,79,0,4,306,33,79,,-
21,80,0,4,306,33,79,,-
21,81,0,4,306,33,79,,-
21,82,0,4,306,33,79,,-
21,83,0,4,306,33,79,,-
21,84,0,4,306,33,79,,-
21,85,0,4,306,33,79,,-
22,86,0,4,306,33,79,,"23,135"
22,23,0,4,306,33,79,,
22,23,0,4,306,33,79,,
22,1,0,4,306,33,79,,"38,110"
22,87,0,4,306,33,79,,"57,774"
22,88,0,4,306,33,79,,"11,857"
23,87,0,4,306,33,79,,"43,750"
23,23,0,4,306,33,79,,
23,23,0,4,306,33,79,,
23,5,0,4,306,33,79,,"40,714"
23,88,0,4,306,33,79,,-
24,89,0,4,306,33,79,,"4,518"
24,90,0,4,306,33,79,,"5,307"
25,91,0,4,306,33,79,,786
25,23,0,4,306,33,79,,
25,23,0,4,306,33,79,,
25,92,0,4,306,33,79,,"1,088"
25,93,0,4,306,33,79,,785
25,94,0,4,306,33,79,,733
25,95,0,4,306,33,79,,"3,338"
25,96,0,4,306,33,79,,"3,570"
25,97,0,4,306,33,79,,183
26,98,0,4,306,33,79,,117
26,23,0,4,306,33,79,,May
27,23,0,4,306,33,79,,
28,99,0,4,306,33,79,,-
29,100,0,4,306,33,79,,"5,070"
29,101,0,4,306,33,79,,-
30,18,0,4,306,33,79,,"80,500"
31,102,0,4,306,33,79,,"6,569"
32,18,0,4,306,33,79,,"6,875"
33,18,0,4,306,33,79,,"6,000"
34,103,0,4,306,33,79,,"2,182"
34,23,0,4,306,33,79,,
34,23,0,4,306,33,79,,
35,104,0,4,306,33,79,,"36,189"
35,23,0,4,306,33,79,,
35,23,0,4,306,33,79,,
35,105,0,4,306,33,79,,"36,240"
35,106,0,4,306,33,79,,"35,292"
35,107,0,4,306,33,79,,"12,096"
35,108,0,4,306,33,79,,"24,381"
36,109,0,4,306,33,79,,"50,514"
36,90,0,4,306,33,79,,"68,947"
37,110,0,4,306,33,79,,"1,083"
37,111,0,4,306,33,79,,678
37,23,0,4,306,33,79,,
37,23,0,4,306,33,79,,
37,112,0,4,306,33,79,,620
37,113,0,4,306,33,79,,"1,083"
38,114,0,4,306,33,79,,"31,250"
38,115,0,4,306,33,79,,"28,547"
38,23,0,4,306,33,79,,
38,23,0,4,306,33,79,,
38,116,0,4,306,33,79,,"24,539"
38,23,0,4,306,33,79,,
38,23,0,4,306,33,79,,
38,117,0,4,306,33,79,,"23,608"
38,23,0,4,306,33,79,,
38,23,0,4,306,33,79,,
38,118,0,4,306,33,79,,"19,651"
38,119,0,4,306,33,79,,"35,438"
38,5,0,4,306,33,79,,"28,438"
38,120,0,4,306,33,79,,"22,030"
39,121,0,4,306,33,79,,"20,506"
39,120,0,4,306,33,79,,"14,839"
39,122,0,4,306,33,79,,"29,750"
39,120,0,4,306,33,79,,"39,344"
39,123,0,4,306,33,79,,"56,000"
39,124,0,4,306,33,79,,"34,964"
39,125,0,4,306,33,79,,-
39,126,0,4,306,33,79,,"18,500"
39,127,0,4,306,33,79,,"12,012"
39,120,0,4,306,33,79,,"10,018"
39,23,0,4,306,33,79,,May
39,128,0,4,306,33,79,,"60,583"
39,129,0,4,306,33,79,,"66,234"
39,130,0,4,306,33,79,,"64,607"
39,120,0,4,306,33,79,,"40,756"
39,131,0,4,306,33,79,,"17,675"
39,132,0,4,306,33,79,,"60,942"
39,133,0,4,306,33,79,,"45,165"
39,134,0,4,306,33,79,,"13,052"
39,135,0,4,306,33,79,,"15,878"
39,136,0,4,306,33,79,,"12,150"
39,137,0,4,306,33,79,,"80,000"
40,137,0,4,306,33,79,,"112,750"
40,138,0,4,306,33,79,,"50,184"
40,139,0,4,306,33,79,,"34,719"
40,140,0,4,306,33,79,,"64,560"
40,141,0,4,306,33,79,,"40,800"
40,142,0,4,306,33,79,,"58,750"
41,18,0,4,306,33,79,,"30,308"
42,143,0,4,306,33,79,,"9,694"
42,23,0,4,306,33,79,,
42,23,0,4,306,33,79,,
42,1,0,4,306,33,79,,"6,649"
42,124,0,4,306,33,79,,"3,458"
42,144,0,4,306,33,79,,"1,929"
43,145,0,4,306,33,79,,"4,822"
43,146,0,4,306,33,79,,"5,749"
43,147,0,4,306,33,79,,"5,986"
43,148,0,4,306,33,79,,"6,313"
43,149,0,4,306,33,79,,"6,250"
43,150,0,4,306,33,79,,-
44,151,0,4,306,33,79,,"9,575"
44,124,0,4,306,33,79,,"5,870"
45,152,0,4,306,33,79,,"3,503"
45,153,0,4,306,33,79,,"1,867"
45,154,0,4,306,33,79,,386
45,155,0,4,306,33,79,,364
45,156,0,4,306,33,79,,"5,614"
45,157,0,4,306,33,79,,-
45,158,0,4,306,33,79,,"1,416"
45,159,0,4,306,33,79,,"13,598"
45,160,0,4,306,33,79,,"5,440"
45,161,0,4,306,33,79,,"11,063"
46,162,0,4,306,33,79,,"4,008"
46,163,0,4,306,33,79,,"6,566"
46,164,0,4,306,33,79,,"2,680"
46,23,0,4,306,33,79,,May
46,165,0,4,306,33,79,,231
46,166,0,4,306,33,79,,433
46,167,0,4,306,33,79,,339
46,168,0,4,306,33,79,,"3,350"
46,169,0,4,306,33,79,,"3,845"
46,43,0,4,306,33,79,,"3,316"
46,170,0,4,306,33,79,,"17,543"
46,171,0,4,306,33,79,,"9,438"
46,172,0,4,306,33,79,,"6,695"
47,173,0,4,306,33,79,,"2,128"
47,174,0,4,306,33,79,,"1,741"
47,175,0,4,306,33,79,,"1,790"
48,23,0,4,306,33,79,,"2,050"
47,176,0,4,306,33,79,,"2,743"
47,177,0,4,306,33,79,,"4,113"
47,178,0,4,306,33,79,,"2,139"
47,179,0,4,306,33,79,,"1,974"
47,180,0,4,306,33,79,,"1,722"
47,181,0,4,306,33,79,,"6,468"
47,182,0,4,306,33,79,,"5,021"
47,183,0,4,306,33,79,,"1,903"
47,184,0,4,306,33,79,,"3,900"
47,185,0,4,306,33,79,,"3,092"
47,186,0,4,306,33,79,,"3,988"
47,187,0,4,306,33,79,,"3,350"
47,188,0,4,306,33,79,,"4,565"
47,189,0,4,306,33,79,,"2,070"
47,190,0,4,306,33,79,,"1,722"
47,191,0,4,306,33,79,,"2,587"
47,192,0,4,306,33,79,,"4,051"
47,193,0,4,306,33,79,,"2,039"
47,194,0,4,306,33,79,,"4,190"
47,195,0,4,306,33,79,,"3,719"
47,196,0,4,306,33,79,,"3,433"
47,197,0,4,306,33,79,,"2,995"
47,198,0,4,306,33,79,,"1,171"
47,199,0,4,306,33,79,,"1,744"
47,200,0,4,306,33,79,,"1,519"
47,201,0,4,306,33,79,,"1,458"
47,202,0,4,306,33,79,,"1,640"
47,203,0,4,306,33,79,,"2,073"
47,204,0,4,306,33,79,,"1,455"
47,205,0,4,306,33,79,,"1,656"
47,206,0,4,306,33,79,,"2,045"
47,23,0,4,306,33,79,,May
47,207,0,4,306,33,79,,408
47,208,0,4,306,33,79,,"1,362"
49,209,0,4,306,33,79,,"5,911"
49,210,0,4,306,33,79,,"5,918"
50,211,0,4,306,33,79,,"7,412"
50,170,0,4,306,33,79,,"9,154"
51,212,0,4,306,33,79,,"2,589"
51,15,0,4,306,33,79,,"1,516"
52,213,0,4,306,33,79,,"2,922"
52,22,0,4,306,33,79,,"3,541"
52,214,0,4,306,33,79,,"3,267"
52,215,0,4,306,33,79,,"2,925"
52,216,0,4,306,33,79,,"1,247"
52,217,0,4,306,33,79,,534
0,0,0,5,447,33,85,,"2,475"
0,1,0,5,447,33,85,,"2,297"
0,2,0,5,447,33,85,,"2,130"
0,3,0,5,447,33,85,,-
0,4,0,5,447,33,85,,"4,300"
1,5,0,5,447,33,85,,-
1,6,0,5,447,33,85,,"1,838"
1,7,0,5,447,33,85,,-
2,8,0,5,447,33,85,,"2,403"
2,5,0,5,447,33,85,,"2,215"
2,6,0,5,447,33,85,,"2,011"
2,7,0,5,447,33,85,,"2,369"
3,8,0,5,447,33,85,,"5,314"
3,5,0,5,447,33,85,,"4,226"
3,6,0,5,447,33,85,,"3,748"
3,7,0,5,447,33,85,,"4,837"
4,1,0,5,447,33,85,,-
4,6,0,5,447,33,85,,"3,735"
4,3,0,5,447,33,85,,-
5,8,0,5,447,33,85,,"4,960"
5,5,0,5,447,33,85,,"4,201"
5,6,0,5,447,33,85,,"3,591"
5,7,0,5,447,33,85,,"4,763"
6,9,0,5,447,33,85,,"3,481"
7,10,0,5,447,33,85,,"8,979"
7,11,0,5,447,33,85,,"8,413"
7,12,0,5,447,33,85,,"6,572"
8,13,0,5,447,33,85,,"2,522"
8,14,0,5,447,33,85,,"2,509"
9,13,0,5,447,33,85,,"2,750"
9,14,0,5,447,33,85,,"2,568"
10,15,0,5,447,33,85,,"2,489"
10,16,0,5,447,33,85,,"3,036"
11,15,0,5,447,33,85,,"3,146"
11,17,0,5,447,33,85,,"4,108"
12,18,0,5,447,33,85,,"1,845"
13,19,0,5,447,33,85,,8008
13,20,0,5,447,33,85,,7468
13,21,0,5,447,33,85,,7519
13,22,0,5,447,33,85,,6607
13,23,0,5,447,33,85,,June
13,24,0,5,447,33,85,,4869
13,25,0,5,447,33,85,,4869
13,26,0,5,447,33,85,,4952
14,27,0,5,447,33,85,,10968
14,28,0,5,447,33,85,,10446
14,29,0,5,447,33,85,,11148
14,30,0,5,447,33,85,,7801
14,31,0,5,447,33,85,,8433
14,32,0,5,447,33,85,,12211
14,33,0,5,447,33,85,,7013
14,34,0,5,447,33,85,,7447
14,24,0,5,447,33,85,,9424
14,25,0,5,447,33,85,,3725
14,26,0,5,447,33,85,,7089
15,35,0,5,447,33,85,,4933
15,36,0,5,447,33,85,,5738
15,37,0,5,447,33,85,,6103
15,38,0,5,447,33,85,,9253
16,35,0,5,447,33,85,,12901
16,39,0,5,447,33,85,,8415
16,40,0,5,447,33,85,,6652
16,41,0,5,447,33,85,,8240
16,42,0,5,447,33,85,,61667
16,43,0,5,447,33,85,,23178
17,35,0,5,447,33,85,,3400
17,37,0,5,447,33,85,,3738
17,44,0,5,447,33,85,,3783
18,45,0,5,447,33,85,,3778
18,46,0,5,447,33,85,,2373
18,47,0,5,447,33,85,,8845
18,48,0,5,447,33,85,,9919
18,49,0,5,447,33,85,,18447
18,50,0,5,447,33,85,,4017
18,51,0,5,447,33,85,,21022
18,52,0,5,447,33,85,,13609
18,53,0,5,447,33,85,,11000
18,54,0,5,447,33,85,,12576
18,55,0,5,447,33,85,,9348
18,56,0,5,447,33,85,,9216
19,57,0,5,447,33,85,,"3,033"
19,58,0,5,447,33,85,,"4,325"
19,59,0,5,447,33,85,,-
19,60,0,5,447,33,85,,-
19,61,0,5,447,33,85,,-
19,23,0,5,447,33,85,,June
19,62,0,5,447,33,85,,-
19,63,0,5,447,33,85,,-
19,64,0,5,447,33,85,,"4,800"
20,65,0,5,447,33,85,,"32,219"
20,66,0,5,447,33,85,,"17,417"
21,67,0,5,447,33,85,,"10,600"
21,68,0,5,447,33,85,,"8,500"
21,69,0,5,447,33,85,,"6,600"
21,70,0,5,447,33,85,,"14,728"
21,71,0,5,447,33,85,,"10,825"
21,72,0,5,447,33,85,,"7,480"
21,73,0,5,447,33,85,,-
21,74,0,5,447,33,85,,-
21,23,0,5,447,33,85,,
21,75,0,5,447,33,85,,-
21,76,0,5,447,33,85,,-
21,77,0,5,447,33,85,,-
21,78,0,5,447,33,85,,-
21,79,0,5,447,33,85,,-
21,80,0,5,447,33,85,,-
21,81,0,5,447,33,85,,-
21,82,0,5,447,33,85,,-
21,83,0,5,447,33,85,,-
21,84,0,5,447,33,85,,-
21,85,0,5,447,33,85,,-
22,86,0,5,447,33,85,,"27,225"
22,23,0,5,447,33,85,,
22,23,0,5,447,33,85,,
22,1,0,5,447,33,85,,"33,296"
22,87,0,5,447,33,85,,"53,517"
22,88,0,5,447,33,85,,"11,500"
23,87,0,5,447,33,85,,"46,292"
23,23,0,5,447,33,85,,
23,23,0,5,447,33,85,,
23,5,0,5,447,33,85,,"39,813"
23,88,0,5,447,33,85,,-
24,89,0,5,447,33,85,,"2,979"
24,90,0,5,447,33,85,,"3,774"
25,91,0,5,447,33,85,,786
25,23,0,5,447,33,85,,
25,23,0,5,447,33,85,,
25,92,0,5,447,33,85,,"1,090"
25,93,0,5,447,33,85,,782
25,94,0,5,447,33,85,,733
25,95,0,5,447,33,85,,"3,250"
25,96,0,5,447,33,85,,"5,265"
25,97,0,5,447,33,85,,221
26,98,0,5,447,33,85,,117
26,23,0,5,447,33,85,,June
27,23,0,5,447,33,85,,
28,99,0,5,447,33,85,,594
29,100,0,5,447,33,85,,"5,228"
29,101,0,5,447,33,85,,-
30,18,0,5,447,33,85,,"82,900"
31,102,0,5,447,33,85,,"6,325"
32,18,0,5,447,33,85,,"5,825"
33,18,0,5,447,33,85,,"5,400"
34,103,0,5,447,33,85,,"2,180"
34,23,0,5,447,33,85,,
34,23,0,5,447,33,85,,
35,104,0,5,447,33,85,,"37,182"
35,23,0,5,447,33,85,,
35,23,0,5,447,33,85,,
35,105,0,5,447,33,85,,"36,924"
35,106,0,5,447,33,85,,"36,046"
35,107,0,5,447,33,85,,"12,910"
35,108,0,5,447,33,85,,"23,799"
36,109,0,5,447,33,85,,"51,509"
36,90,0,5,447,33,85,,"69,758"
37,110,0,5,447,33,85,,"1,067"
37,111,0,5,447,33,85,,729
37,23,0,5,447,33,85,,
37,23,0,5,447,33,85,,
37,112,0,5,447,33,85,,-
37,113,0,5,447,33,85,,985
38,114,0,5,447,33,85,,"32,833"
38,115,0,5,447,33,85,,"29,056"
38,23,0,5,447,33,85,,
38,23,0,5,447,33,85,,
38,116,0,5,447,33,85,,"24,880"
38,23,0,5,447,33,85,,
38,23,0,5,447,33,85,,
38,117,0,5,447,33,85,,"24,133"
38,23,0,5,447,33,85,,
38,23,0,5,447,33,85,,
38,118,0,5,447,33,85,,"21,493"
38,119,0,5,447,33,85,,"34,958"
38,5,0,5,447,33,85,,"28,567"
38,120,0,5,447,33,85,,"22,361"
39,121,0,5,447,33,85,,"20,585"
39,120,0,5,447,33,85,,"14,939"
39,122,0,5,447,33,85,,"48,167"
39,120,0,5,447,33,85,,"49,350"
39,123,0,5,447,33,85,,"66,600"
39,124,0,5,447,33,85,,"38,875"
39,125,0,5,447,33,85,,"85,000"
39,126,0,5,447,33,85,,"31,750"
39,127,0,5,447,33,85,,"12,034"
39,120,0,5,447,33,85,,"10,142"
39,23,0,5,447,33,85,,June
39,128,0,5,447,33,85,,"63,029"
39,129,0,5,447,33,85,,"61,250"
39,130,0,5,447,33,85,,"54,850"
39,120,0,5,447,33,85,,"40,532"
39,131,0,5,447,33,85,,"17,396"
39,132,0,5,447,33,85,,"60,330"
39,133,0,5,447,33,85,,"44,353"
39,134,0,5,447,33,85,,"13,084"
39,135,0,5,447,33,85,,"15,918"
39,136,0,5,447,33,85,,"12,557"
39,137,0,5,447,33,85,,"80,000"
40,137,0,5,447,33,85,,"135,000"
40,138,0,5,447,33,85,,"47,494"
40,139,0,5,447,33,85,,"37,300"
40,140,0,5,447,33,85,,"70,135"
40,141,0,5,447,33,85,,"44,083"
40,142,0,5,447,33,85,,"58,750"
41,18,0,5,447,33,85,,"30,161"
42,143,0,5,447,33,85,,"9,492"
42,23,0,5,447,33,85,,
42,23,0,5,447,33,85,,
42,1,0,5,447,33,85,,"6,510"
42,124,0,5,447,33,85,,"3,365"
42,144,0,5,447,33,85,,"1,971"
43,145,0,5,447,33,85,,"5,370"
43,146,0,5,447,33,85,,"4,390"
43,147,0,5,447,33,85,,"5,203"
43,148,0,5,447,33,85,,"5,468"
43,149,0,5,447,33,85,,"5,312"
43,150,0,5,447,33,85,,"3,600"
44,151,0,5,447,33,85,,"10,318"
44,124,0,5,447,33,85,,"5,282"
45,152,0,5,447,33,85,,"3,511"
45,153,0,5,447,33,85,,"1,878"
45,154,0,5,447,33,85,,370
45,155,0,5,447,33,85,,354
45,156,0,5,447,33,85,,"5,773"
45,157,0,5,447,33,85,,-
45,158,0,5,447,33,85,,"1,467"
45,159,0,5,447,33,85,,"13,419"
45,160,0,5,447,33,85,,"5,642"
45,161,0,5,447,33,85,,"11,289"
46,162,0,5,447,33,85,,"2,533"
46,163,0,5,447,33,85,,"6,620"
46,164,0,5,447,33,85,,"4,334"
46,23,0,5,447,33,85,,June
46,165,0,5,447,33,85,,231
46,166,0,5,447,33,85,,428
46,167,0,5,447,33,85,,332
46,168,0,5,447,33,85,,"3,005"
46,169,0,5,447,33,85,,"2,763"
46,43,0,5,447,33,85,,"3,312"
46,170,0,5,447,33,85,,"18,317"
46,171,0,5,447,33,85,,"9,461"
46,172,0,5,447,33,85,,"5,755"
47,173,0,5,447,33,85,,"2,459"
47,174,0,5,447,33,85,,"2,110"
47,175,0,5,447,33,85,,"2,238"
48,23,0,5,447,33,85,,"1,965"
47,176,0,5,447,33,85,,"3,196"
47,177,0,5,447,33,85,,"3,155"
47,178,0,5,447,33,85,,"1,866"
47,179,0,5,447,33,85,,"1,796"
47,180,0,5,447,33,85,,"1,866"
47,181,0,5,447,33,85,,"5,599"
47,182,0,5,447,33,85,,"4,203"
47,183,0,5,447,33,85,,"2,522"
47,184,0,5,447,33,85,,"4,202"
47,185,0,5,447,33,85,,"2,644"
47,186,0,5,447,33,85,,"3,014"
47,187,0,5,447,33,85,,"4,072"
47,188,0,5,447,33,85,,"2,572"
47,189,0,5,447,33,85,,"2,375"
47,190,0,5,447,33,85,,"2,084"
47,191,0,5,447,33,85,,"2,867"
47,192,0,5,447,33,85,,"3,675"
47,193,0,5,447,33,85,,"3,219"
47,194,0,5,447,33,85,,"4,956"
47,195,0,5,447,33,85,,"3,149"
47,196,0,5,447,33,85,,"2,703"
47,197,0,5,447,33,85,,"2,636"
47,198,0,5,447,33,85,,"1,267"
47,199,0,5,447,33,85,,"1,815"
47,200,0,5,447,33,85,,"1,559"
47,201,0,5,447,33,85,,"1,340"
47,202,0,5,447,33,85,,"1,402"
47,203,0,5,447,33,85,,"2,131"
47,204,0,5,447,33,85,,"1,436"
47,205,0,5,447,33,85,,"1,506"
47,206,0,5,447,33,85,,"2,777"
47,23,0,5,447,33,85,,June
47,207,0,5,447,33,85,,387
47,208,0,5,447,33,85,,"1,323"
49,209,0,5,447,33,85,,"5,808"
49,210,0,5,447,33,85,,"5,728"
50,211,0,5,447,33,85,,"6,779"
50,170,0,5,447,33,85,,"8,886"
51,212,0,5,447,33,85,,"2,575"
51,15,0,5,447,33,85,,"1,526"
52,213,0,5,447,33,85,,"2,897"
52,22,0,5,447,33,85,,"3,681"
52,214,0,5,447,33,85,,"3,282"
52,215,0,5,447,33,85,,"2,905"
52,216,0,5,447,33,85,,"1,254"
52,217,0,5,447,33,85,,527
0,0,0,6,561,32,86,,"2,237"
0,1,0,6,561,32,86,,"2,535"
0,2,0,6,561,32,86,,"2,193"
0,3,0,6,561,32,86,,-
0,4,0,6,561,32,86,,-
1,5,0,6,561,32,86,,-
1,6,0,6,561,32,86,,-
1,7,0,6,561,32,86,,-
2,8,0,6,561,32,86,,"2,467"
2,5,0,6,561,32,86,,"2,319"
2,6,0,6,561,32,86,,"2,153"
2,7,0,6,561,32,86,,"2,391"
3,8,0,6,561,32,86,,"5,251"
3,5,0,6,561,32,86,,"4,248"
3,6,0,6,561,32,86,,"3,723"
3,7,0,6,561,32,86,,"4,835"
4,1,0,6,561,32,86,,-
4,6,0,6,561,32,86,,"3,780"
4,3,0,6,561,32,86,,-
5,8,0,6,561,32,86,,"5,043"
5,5,0,6,561,32,86,,"4,277"
5,6,0,6,561,32,86,,"3,701"
5,7,0,6,561,32,86,,"4,875"
6,9,0,6,561,32,86,,"3,670"
7,10,0,6,561,32,86,,"8,889"
7,11,0,6,561,32,86,,"8,305"
7,12,0,6,561,32,86,,"6,623"
8,13,0,6,561,32,86,,"2,494"
8,14,0,6,561,32,86,,"2,488"
9,13,0,6,561,32,86,,"2,750"
9,14,0,6,561,32,86,,"2,564"
10,15,0,6,561,32,86,,"2,462"
10,16,0,6,561,32,86,,"3,032"
11,15,0,6,561,32,86,,"3,116"
11,17,0,6,561,32,86,,"4,068"
12,18,0,6,561,32,86,,"1,867"
13,19,0,6,561,32,86,,7870
13,20,0,6,561,32,86,,7132
13,21,0,6,561,32,86,,7791
13,22,0,6,561,32,86,,6518
13,23,0,6,561,32,86,,July
13,24,0,6,561,32,86,,4614
13,25,0,6,561,32,86,,4614
13,26,0,6,561,32,86,,4351
14,27,0,6,561,32,86,,10689
14,28,0,6,561,32,86,,10392
14,29,0,6,561,32,86,,10904
14,30,0,6,561,32,86,,7617
14,31,0,6,561,32,86,,8517
14,32,0,6,561,32,86,,11658
14,33,0,6,561,32,86,,7037
14,34,0,6,561,32,86,,7326
14,24,0,6,561,32,86,,8294
14,25,0,6,561,32,86,,3523
14,26,0,6,561,32,86,,6823
15,35,0,6,561,32,86,,5234
15,36,0,6,561,32,86,,5950
15,37,0,6,561,32,86,,6390
15,38,0,6,561,32,86,,9196
16,35,0,6,561,32,86,,13273
16,39,0,6,561,32,86,,8308
16,40,0,6,561,32,86,,6630
16,41,0,6,561,32,86,,8162
16,42,0,6,561,32,86,,48000
16,43,0,6,561,32,86,,23563
17,35,0,6,561,32,86,,3419
17,37,0,6,561,32,86,,3940
17,44,0,6,561,32,86,,3650
18,45,0,6,561,32,86,,3500
18,46,0,6,561,32,86,,2182
18,47,0,6,561,32,86,,8260
18,48,0,6,561,32,86,,8106
18,49,0,6,561,32,86,,17971
18,50,0,6,561,32,86,,11809
18,51,0,6,561,32,86,,14508
18,52,0,6,561,32,86,,13280
18,53,0,6,561,32,86,,12419
18,54,0,6,561,32,86,,12269
18,55,0,6,561,32,86,,9142
18,56,0,6,561,32,86,,9181
19,57,0,6,561,32,86,,"2,800"
19,58,0,6,561,32,86,,-
19,59,0,6,561,32,86,,-
19,60,0,6,561,32,86,,-
19,61,0,6,561,32,86,,-
19,23,0,6,561,32,86,,July
19,62,0,6,561,32,86,,-
19,63,0,6,561,32,86,,-
19,64,0,6,561,32,86,,"4,300"
20,65,0,6,561,32,86,,"35,964"
20,66,0,6,561,32,86,,"17,417"
21,67,0,6,561,32,86,,"10,500"
21,68,0,6,561,32,86,,"8,500"
21,69,0,6,561,32,86,,"6,600"
21,70,0,6,561,32,86,,"12,888"
21,71,0,6,561,32,86,,-
21,72,0,6,561,32,86,,-
21,73,0,6,561,32,86,,-
21,74,0,6,561,32,86,,-
21,23,0,6,561,32,86,,
21,75,0,6,561,32,86,,-
21,76,0,6,561,32,86,,-
21,77,0,6,561,32,86,,-
21,78,0,6,561,32,86,,-
21,79,0,6,561,32,86,,-
21,80,0,6,561,32,86,,-
21,81,0,6,561,32,86,,-
21,82,0,6,561,32,86,,-
21,83,0,6,561,32,86,,-
21,84,0,6,561,32,86,,-
21,85,0,6,561,32,86,,-
22,86,0,6,561,32,86,,-
22,23,0,6,561,32,86,,
22,23,0,6,561,32,86,,
22,1,0,6,561,32,86,,-
22,87,0,6,561,32,86,,-
22,88,0,6,561,32,86,,-
23,87,0,6,561,32,86,,"54,600"
23,23,0,6,561,32,86,,
23,23,0,6,561,32,86,,
23,5,0,6,561,32,86,,"39,813"
23,88,0,6,561,32,86,,-
24,89,0,6,561,32,86,,-
24,90,0,6,561,32,86,,-
25,91,0,6,561,32,86,,786
25,23,0,6,561,32,86,,
25,23,0,6,561,32,86,,
25,92,0,6,561,32,86,,"1,090"
25,93,0,6,561,32,86,,-
25,94,0,6,561,32,86,,733
25,95,0,6,561,32,86,,"3,250"
25,96,0,6,561,32,86,,"3,736"
25,97,0,6,561,32,86,,-
26,98,0,6,561,32,86,,117
26,23,0,6,561,32,86,,July
27,23,0,6,561,32,86,,
28,99,0,6,561,32,86,,-
29,100,0,6,561,32,86,,-
29,101,0,6,561,32,86,,-
30,18,0,6,561,32,86,,"82,900"
31,102,0,6,561,32,86,,-
32,18,0,6,561,32,86,,"5,825"
33,18,0,6,561,32,86,,-
34,103,0,6,561,32,86,,-
34,23,0,6,561,32,86,,
34,23,0,6,561,32,86,,
35,104,0,6,561,32,86,,"37,892"
35,23,0,6,561,32,86,,
35,23,0,6,561,32,86,,
35,105,0,6,561,32,86,,"36,874"
35,106,0,6,561,32,86,,"35,477"
35,107,0,6,561,32,86,,"13,043"
35,108,0,6,561,32,86,,"25,984"
36,109,0,6,561,32,86,,"50,641"
36,90,0,6,561,32,86,,"71,767"
37,110,0,6,561,32,86,,"1,075"
37,111,0,6,561,32,86,,766
37,23,0,6,561,32,86,,
37,23,0,6,561,32,86,,
37,112,0,6,561,32,86,,-
37,113,0,6,561,32,86,,"1,000"
38,114,0,6,561,32,86,,"32,833"
38,115,0,6,561,32,86,,"28,682"
38,23,0,6,561,32,86,,
38,23,0,6,561,32,86,,
38,116,0,6,561,32,86,,"24,967"
38,23,0,6,561,32,86,,
38,23,0,6,561,32,86,,
38,117,0,6,561,32,86,,"23,471"
38,23,0,6,561,32,86,,
38,23,0,6,561,32,86,,
38,118,0,6,561,32,86,,"21,483"
38,119,0,6,561,32,86,,"35,033"
38,5,0,6,561,32,86,,"28,710"
38,120,0,6,561,32,86,,"22,389"
39,121,0,6,561,32,86,,"20,194"
39,120,0,6,561,32,86,,"15,159"
39,122,0,6,561,32,86,,"48,167"
39,120,0,6,561,32,86,,"49,642"
39,123,0,6,561,32,86,,"65,850"
39,124,0,6,561,32,86,,"39,177"
39,125,0,6,561,32,86,,"85,000"
39,126,0,6,561,32,86,,"25,500"
39,127,0,6,561,32,86,,"11,988"
39,120,0,6,561,32,86,,"10,103"
39,23,0,6,561,32,86,,July
39,128,0,6,561,32,86,,"64,609"
39,129,0,6,561,32,86,,"62,047"
39,130,0,6,561,32,86,,"56,033"
39,120,0,6,561,32,86,,"40,356"
39,131,0,6,561,32,86,,"15,261"
39,132,0,6,561,32,86,,"60,364"
39,133,0,6,561,32,86,,"43,599"
39,134,0,6,561,32,86,,"13,060"
39,135,0,6,561,32,86,,"15,879"
39,136,0,6,561,32,86,,"12,157"
39,137,0,6,561,32,86,,"80,000"
40,137,0,6,561,32,86,,"135,000"
40,138,0,6,561,32,86,,"47,269"
40,139,0,6,561,32,86,,"37,800"
40,140,0,6,561,32,86,,"66,617"
40,141,0,6,561,32,86,,"42,764"
40,142,0,6,561,32,86,,"46,389"
41,18,0,6,561,32,86,,"29,937"
42,143,0,6,561,32,86,,"8,321"
42,23,0,6,561,32,86,,
42,23,0,6,561,32,86,,
42,1,0,6,561,32,86,,"5,501"
42,124,0,6,561,32,86,,"2,886"
42,144,0,6,561,32,86,,"2,334"
43,145,0,6,561,32,86,,"3,563"
43,146,0,6,561,32,86,,"5,778"
43,147,0,6,561,32,86,,"6,328"
43,148,0,6,561,32,86,,"6,365"
43,149,0,6,561,32,86,,"6,052"
43,150,0,6,561,32,86,,"4,463"
44,151,0,6,561,32,86,,"9,026"
44,124,0,6,561,32,86,,"4,427"
45,152,0,6,561,32,86,,"3,500"
45,153,0,6,561,32,86,,"2,139"
45,154,0,6,561,32,86,,304
45,155,0,6,561,32,86,,310
45,156,0,6,561,32,86,,"5,234"
45,157,0,6,561,32,86,,"2,888"
45,158,0,6,561,32,86,,"1,610"
45,159,0,6,561,32,86,,"12,942"
45,160,0,6,561,32,86,,-
45,161,0,6,561,32,86,,"10,575"
46,162,0,6,561,32,86,,"1,000"
46,163,0,6,561,32,86,,"6,289"
46,164,0,6,561,32,86,,"2,890"
46,23,0,6,561,32,86,,July
46,165,0,6,561,32,86,,233
46,166,0,6,561,32,86,,418
46,167,0,6,561,32,86,,331
46,168,0,6,561,32,86,,"3,386"
46,169,0,6,561,32,86,,"2,500"
46,43,0,6,561,32,86,,"3,380"
46,170,0,6,561,32,86,,"20,352"
46,171,0,6,561,32,86,,"9,865"
46,172,0,6,561,32,86,,"10,000"
47,173,0,6,561,32,86,,"3,619"
47,174,0,6,561,32,86,,"2,447"
47,175,0,6,561,32,86,,"2,394"
48,23,0,6,561,32,86,,"2,355"
47,176,0,6,561,32,86,,"3,089"
47,177,0,6,561,32,86,,"2,865"
47,178,0,6,561,32,86,,"1,908"
47,179,0,6,561,32,86,,"1,775"
47,180,0,6,561,32,86,,"1,943"
47,181,0,6,561,32,86,,"4,625"
47,182,0,6,561,32,86,,"4,032"
47,183,0,6,561,32,86,,"2,596"
47,184,0,6,561,32,86,,"3,640"
47,185,0,6,561,32,86,,"2,350"
47,186,0,6,561,32,86,,"2,940"
47,187,0,6,561,32,86,,"3,235"
47,188,0,6,561,32,86,,"2,540"
47,189,0,6,561,32,86,,"2,869"
47,190,0,6,561,32,86,,"2,306"
47,191,0,6,561,32,86,,"2,724"
47,192,0,6,561,32,86,,"3,611"
47,193,0,6,561,32,86,,"4,954"
47,194,0,6,561,32,86,,"5,262"
47,195,0,6,561,32,86,,"3,081"
47,196,0,6,561,32,86,,"2,759"
47,197,0,6,561,32,86,,"2,272"
47,198,0,6,561,32,86,,"1,458"
47,199,0,6,561,32,86,,"1,979"
47,200,0,6,561,32,86,,"1,603"
47,201,0,6,561,32,86,,"1,434"
47,202,0,6,561,32,86,,"1,680"
47,203,0,6,561,32,86,,"1,949"
47,204,0,6,561,32,86,,"1,512"
47,205,0,6,561,32,86,,"1,636"
47,206,0,6,561,32,86,,"3,399"
47,23,0,6,561,32,86,,July
47,207,0,6,561,32,86,,494
47,208,0,6,561,32,86,,"1,583"
49,209,0,6,561,32,86,,"5,738"
49,210,0,6,561,32,86,,"5,575"
50,211,0,6,561,32,86,,"6,877"
50,170,0,6,561,32,86,,"8,044"
51,212,0,6,561,32,86,,"2,548"
51,15,0,6,561,32,86,,"1,488"
52,213,0,6,561,32,86,,"2,849"
52,22,0,6,561,32,86,,"3,390"
52,214,0,6,561,32,86,,"3,414"
52,215,0,6,561,32,86,,"3,031"
52,216,0,6,561,32,86,,"1,198"
52,217,0,6,561,32,86,,550
0,0,0,7,433,33,85,,-
0,1,0,7,433,33,85,,"2,466"
0,2,0,7,433,33,85,,"2,222"
0,3,0,7,433,33,85,,-
0,4,0,7,433,33,85,,-
1,5,0,7,433,33,85,,"2,300"
1,6,0,7,433,33,85,,"2,057"
1,7,0,7,433,33,85,,-
2,8,0,7,433,33,85,,"2,611"
2,5,0,7,433,33,85,,"2,460"
2,6,0,7,433,33,85,,"2,279"
2,7,0,7,433,33,85,,"2,416"
3,8,0,7,433,33,85,,"5,247"
3,5,0,7,433,33,85,,"4,289"
3,6,0,7,433,33,85,,"3,819"
3,7,0,7,433,33,85,,"4,853"
4,1,0,7,433,33,85,,-
4,6,0,7,433,33,85,,"3,780"
4,3,0,7,433,33,85,,-
5,8,0,7,433,33,85,,"5,097"
5,5,0,7,433,33,85,,"4,369"
5,6,0,7,433,33,85,,"3,833"
5,7,0,7,433,33,85,,"4,898"
6,9,0,7,433,33,85,,"3,745"
7,10,0,7,433,33,85,,"8,744"
7,11,0,7,433,33,85,,"8,117"
7,12,0,7,433,33,85,,"6,498"
8,13,0,7,433,33,85,,"2,480"
8,14,0,7,433,33,85,,"2,494"
9,13,0,7,433,33,85,,-
9,14,0,7,433,33,85,,"2,544"
10,15,0,7,433,33,85,,"2,457"
10,16,0,7,433,33,85,,"3,019"
11,15,0,7,433,33,85,,"3,116"
11,17,0,7,433,33,85,,"4,059"
12,18,0,7,433,33,85,,"1,893"
13,19,0,7,433,33,85,,8020
13,20,0,7,433,33,85,,6787
13,21,0,7,433,33,85,,8075
13,22,0,7,433,33,85,,6380
13,23,0,7,433,33,85,,August
13,24,0,7,433,33,85,,4703
13,25,0,7,433,33,85,,4703
13,26,0,7,433,33,85,,4598
14,27,0,7,433,33,85,,10378
14,28,0,7,433,33,85,,10404
14,29,0,7,433,33,85,,10661
14,30,0,7,433,33,85,,7303
14,31,0,7,433,33,85,,8400
14,32,0,7,433,33,85,,11607
14,33,0,7,433,33,85,,6958
14,34,0,7,433,33,85,,7167
14,24,0,7,433,33,85,,7683
14,25,0,7,433,33,85,,3324
14,26,0,7,433,33,85,,6542
15,35,0,7,433,33,85,,5362
15,36,0,7,433,33,85,,5952
15,37,0,7,433,33,85,,6273
15,38,0,7,433,33,85,,9156
16,35,0,7,433,33,85,,13535
16,39,0,7,433,33,85,,9034
16,40,0,7,433,33,85,,6827
16,41,0,7,433,33,85,,8221
16,42,0,7,433,33,85,,65000
16,43,0,7,433,33,85,,23526
17,35,0,7,433,33,85,,3466
17,37,0,7,433,33,85,,3713
17,44,0,7,433,33,85,,3585
18,45,0,7,433,33,85,,3523
18,46,0,7,433,33,85,,2295
18,47,0,7,433,33,85,,8012
18,48,0,7,433,33,85,,7737
18,49,0,7,433,33,85,,17349
18,50,0,7,433,33,85,,15062
18,51,0,7,433,33,85,,15459
18,52,0,7,433,33,85,,14369
18,53,0,7,433,33,85,,12750
18,54,0,7,433,33,85,,12048
18,55,0,7,433,33,85,,9076
18,56,0,7,433,33,85,,8988
19,57,0,7,433,33,85,,"3,033"
19,58,0,7,433,33,85,,"4,325"
19,59,0,7,433,33,85,,-
19,60,0,7,433,33,85,,-
19,61,0,7,433,33,85,,-
19,23,0,7,433,33,85,,August
19,62,0,7,433,33,85,,-
19,63,0,7,433,33,85,,-
19,64,0,7,433,33,85,,"4,800"
20,65,0,7,433,33,85,,"31,706"
20,66,0,7,433,33,85,,"17,083"
21,67,0,7,433,33,85,,"16,500"
21,68,0,7,433,33,85,,"12,750"
21,69,0,7,433,33,85,,"10,550"
21,70,0,7,433,33,85,,"13,125"
21,71,0,7,433,33,85,,"10,014"
21,72,0,7,433,33,85,,"6,475"
21,73,0,7,433,33,85,,-
21,74,0,7,433,33,85,,-
21,23,0,7,433,33,85,,
21,75,0,7,433,33,85,,-
21,76,0,7,433,33,85,,-
21,77,0,7,433,33,85,,-
21,78,0,7,433,33,85,,-
21,79,0,7,433,33,85,,-
21,80,0,7,433,33,85,,-
21,81,0,7,433,33,85,,-
21,82,0,7,433,33,85,,-
21,83,0,7,433,33,85,,-
21,84,0,7,433,33,85,,-
21,85,0,7,433,33,85,,-
22,86,0,7,433,33,85,,"27,225"
22,23,0,7,433,33,85,,
22,23,0,7,433,33,85,,
22,1,0,7,433,33,85,,"33,296"
22,87,0,7,433,33,85,,"53,517"
22,88,0,7,433,33,85,,"11,500"
23,87,0,7,433,33,85,,"46,292"
23,23,0,7,433,33,85,,
23,23,0,7,433,33,85,,
23,5,0,7,433,33,85,,"39,813"
23,88,0,7,433,33,85,,-
24,89,0,7,433,33,85,,"2,979"
24,90,0,7,433,33,85,,"3,774"
25,91,0,7,433,33,85,,786
25,23,0,7,433,33,85,,
25,23,0,7,433,33,85,,
25,92,0,7,433,33,85,,"1,090"
25,93,0,7,433,33,85,,782
25,94,0,7,433,33,85,,733
25,95,0,7,433,33,85,,"3,250"
25,96,0,7,433,33,85,,"5,265"
25,97,0,7,433,33,85,,245
26,98,0,7,433,33,85,,117
26,23,0,7,433,33,85,,August
27,23,0,7,433,33,85,,
28,99,0,7,433,33,85,,594
29,100,0,7,433,33,85,,"5,228"
29,101,0,7,433,33,85,,-
30,18,0,7,433,33,85,,"82,900"
31,102,0,7,433,33,85,,"6,325"
32,18,0,7,433,33,85,,"5,825"
33,18,0,7,433,33,85,,"5,400"
34,103,0,7,433,33,85,,"2,180"
34,23,0,7,433,33,85,,
34,23,0,7,433,33,85,,
35,104,0,7,433,33,85,,"36,939"
35,23,0,7,433,33,85,,
35,23,0,7,433,33,85,,
35,105,0,7,433,33,85,,"36,436"
35,106,0,7,433,33,85,,"36,487"
35,107,0,7,433,33,85,,"10,922"
35,108,0,7,433,33,85,,"24,054"
36,109,0,7,433,33,85,,"50,097"
36,90,0,7,433,33,85,,"68,991"
37,110,0,7,433,33,85,,"1,077"
37,111,0,7,433,33,85,,833
37,23,0,7,433,33,85,,
37,23,0,7,433,33,85,,
37,112,0,7,433,33,85,,808
37,113,0,7,433,33,85,,"1,007"
38,114,0,7,433,33,85,,"36,313"
38,115,0,7,433,33,85,,"28,500"
38,23,0,7,433,33,85,,
38,23,0,7,433,33,85,,
38,116,0,7,433,33,85,,"24,741"
38,23,0,7,433,33,85,,
38,23,0,7,433,33,85,,
38,117,0,7,433,33,85,,"23,285"
38,23,0,7,433,33,85,,
38,23,0,7,433,33,85,,
38,118,0,7,433,33,85,,"19,775"
38,119,0,7,433,33,85,,"34,667"
38,5,0,7,433,33,85,,"28,505"
38,120,0,7,433,33,85,,"21,968"
39,121,0,7,433,33,85,,"19,974"
39,120,0,7,433,33,85,,"14,922"
39,122,0,7,433,33,85,,"48,167"
39,120,0,7,433,33,85,,"40,000"
39,123,0,7,433,33,85,,"63,250"
39,124,0,7,433,33,85,,"37,593"
39,125,0,7,433,33,85,,"85,000"
39,126,0,7,433,33,85,,"27,250"
39,127,0,7,433,33,85,,"11,880"
39,120,0,7,433,33,85,,"9,977"
39,23,0,7,433,33,85,,August
39,128,0,7,433,33,85,,"62,770"
39,129,0,7,433,33,85,,"59,057"
39,130,0,7,433,33,85,,"55,142"
39,120,0,7,433,33,85,,"41,244"
39,131,0,7,433,33,85,,"16,760"
39,132,0,7,433,33,85,,"61,864"
39,133,0,7,433,33,85,,"45,294"
39,134,0,7,433,33,85,,"12,979"
39,135,0,7,433,33,85,,"15,981"
39,136,0,7,433,33,85,,"12,102"
39,137,0,7,433,33,85,,"72,500"
40,137,0,7,433,33,85,,"131,667"
40,138,0,7,433,33,85,,"47,890"
40,139,0,7,433,33,85,,"36,000"
40,140,0,7,433,33,85,,"64,516"
40,141,0,7,433,33,85,,"44,486"
40,142,0,7,433,33,85,,"54,542"
41,18,0,7,433,33,85,,"29,504"
42,143,0,7,433,33,85,,"7,618"
42,23,0,7,433,33,85,,
42,23,0,7,433,33,85,,
42,1,0,7,433,33,85,,"5,163"
42,124,0,7,433,33,85,,"2,732"
42,144,0,7,433,33,85,,"1,589"
43,145,0,7,433,33,85,,-
43,146,0,7,433,33,85,,"6,708"
43,147,0,7,433,33,85,,"7,306"
43,148,0,7,433,33,85,,-
43,149,0,7,433,33,85,,"7,577"
43,150,0,7,433,33,85,,"5,896"
44,151,0,7,433,33,85,,"9,571"
44,124,0,7,433,33,85,,"3,938"
45,152,0,7,433,33,85,,"3,641"
45,153,0,7,433,33,85,,"2,381"
45,154,0,7,433,33,85,,288
45,155,0,7,433,33,85,,314
45,156,0,7,433,33,85,,"3,821"
45,157,0,7,433,33,85,,"2,700"
45,158,0,7,433,33,85,,"1,494"
45,159,0,7,433,33,85,,"13,684"
45,160,0,7,433,33,85,,"4,900"
45,161,0,7,433,33,85,,-
46,162,0,7,433,33,85,,-
46,163,0,7,433,33,85,,"6,314"
46,164,0,7,433,33,85,,-
46,23,0,7,433,33,85,,August
46,165,0,7,433,33,85,,235
46,166,0,7,433,33,85,,378
46,167,0,7,433,33,85,,326
46,168,0,7,433,33,85,,"3,576"
46,169,0,7,433,33,85,,"2,761"
46,43,0,7,433,33,85,,"3,276"
46,170,0,7,433,33,85,,"21,198"
46,171,0,7,433,33,85,,"9,786"
46,172,0,7,433,33,85,,"10,125"
47,173,0,7,433,33,85,,"2,459"
47,174,0,7,433,33,85,,"2,094"
47,175,0,7,433,33,85,,"2,238"
48,23,0,7,433,33,85,,"2,018"
47,176,0,7,433,33,85,,"3,186"
47,177,0,7,433,33,85,,"3,155"
47,178,0,7,433,33,85,,"1,866"
47,179,0,7,433,33,85,,"1,796"
47,180,0,7,433,33,85,,"1,866"
47,181,0,7,433,33,85,,"5,458"
47,182,0,7,433,33,85,,"4,203"
47,183,0,7,433,33,85,,"2,522"
47,184,0,7,433,33,85,,"4,185"
47,185,0,7,433,33,85,,"2,801"
47,186,0,7,433,33,85,,"3,023"
47,187,0,7,433,33,85,,"3,858"
47,188,0,7,433,33,85,,"2,543"
47,189,0,7,433,33,85,,"2,378"
47,190,0,7,433,33,85,,"2,084"
47,191,0,7,433,33,85,,"2,867"
47,192,0,7,433,33,85,,"3,631"
47,193,0,7,433,33,85,,"3,219"
47,194,0,7,433,33,85,,"4,956"
47,195,0,7,433,33,85,,"3,154"
47,196,0,7,433,33,85,,"2,703"
47,197,0,7,433,33,85,,"2,643"
47,198,0,7,433,33,85,,"1,267"
47,199,0,7,433,33,85,,"1,815"
47,200,0,7,433,33,85,,"1,559"
47,201,0,7,433,33,85,,"1,343"
47,202,0,7,433,33,85,,"1,402"
47,203,0,7,433,33,85,,"2,131"
47,204,0,7,433,33,85,,"1,436"
47,205,0,7,433,33,85,,"1,506"
47,206,0,7,433,33,85,,"2,777"
47,23,0,7,433,33,85,,August
47,207,0,7,433,33,85,,378
47,208,0,7,433,33,85,,"1,323"
49,209,0,7,433,33,85,,"5,817"
49,210,0,7,433,33,85,,"5,741"
50,211,0,7,433,33,85,,"6,796"
50,170,0,7,433,33,85,,"8,989"
51,212,0,7,433,33,85,,"2,575"
51,15,0,7,433,33,85,,"1,526"
52,213,0,7,433,33,85,,"2,897"
52,22,0,7,433,33,85,,"3,681"
52,214,0,7,433,33,85,,"3,282"
52,215,0,7,433,33,85,,"2,922"
52,216,0,7,433,33,85,,"1,254"
52,217,0,7,433,33,85,,535
0,0,0,8,410,33,85,,"2,725"
0,1,0,8,410,33,85,,"2,642"
0,2,0,8,410,33,85,,"2,421"
0,3,0,8,410,33,85,,"2,632"
0,4,0,8,410,33,85,,-
1,5,0,8,410,33,85,,"2,389"
1,6,0,8,410,33,85,,"2,295"
1,7,0,8,410,33,85,,-
2,8,0,8,410,33,85,,"2,799"
2,5,0,8,410,33,85,,"2,651"
2,6,0,8,410,33,85,,"2,503"
2,7,0,8,410,33,85,,"2,700"
3,8,0,8,410,33,85,,"5,299"
3,5,0,8,410,33,85,,"4,496"
3,6,0,8,410,33,85,,"4,027"
3,7,0,8,410,33,85,,"4,916"
4,1,0,8,410,33,85,,-
4,6,0,8,410,33,85,,"4,195"
4,3,0,8,410,33,85,,-
5,8,0,8,410,33,85,,"5,148"
5,5,0,8,410,33,85,,"4,508"
5,6,0,8,410,33,85,,"4,044"
5,7,0,8,410,33,85,,"4,939"
6,9,0,8,410,33,85,,"3,888"
7,10,0,8,410,33,85,,"8,676"
7,11,0,8,410,33,85,,"8,074"
7,12,0,8,410,33,85,,"6,369"
8,13,0,8,410,33,85,,"2,501"
8,14,0,8,410,33,85,,"2,509"
9,13,0,8,410,33,85,,-
9,14,0,8,410,33,85,,"2,567"
10,15,0,8,410,33,85,,"2,471"
10,16,0,8,410,33,85,,"3,012"
11,15,0,8,410,33,85,,"3,127"
11,17,0,8,410,33,85,,"4,046"
12,18,0,8,410,33,85,,"1,882"
13,19,0,8,410,33,85,,8105
13,20,0,8,410,33,85,,6475
13,21,0,8,410,33,85,,8104
13,22,0,8,410,33,85,,6419
13,23,0,8,410,33,85,,September
13,24,0,8,410,33,85,,4739
13,25,0,8,410,33,85,,4739
13,26,0,8,410,33,85,,4639
14,27,0,8,410,33,85,,10159
14,28,0,8,410,33,85,,10214
14,29,0,8,410,33,85,,10482
14,30,0,8,410,33,85,,7478
14,31,0,8,410,33,85,,9178
14,32,0,8,410,33,85,,11567
14,33,0,8,410,33,85,,7126
14,34,0,8,410,33,85,,7369
14,24,0,8,410,33,85,,7982
14,25,0,8,410,33,85,,3398
14,26,0,8,410,33,85,,6312
15,35,0,8,410,33,85,,5435
15,36,0,8,410,33,85,,6095
15,37,0,8,410,33,85,,6374
15,38,0,8,410,33,85,,9220
16,35,0,8,410,33,85,,12978
16,39,0,8,410,33,85,,8631
16,40,0,8,410,33,85,,7363
16,41,0,8,410,33,85,,8201
16,42,0,8,410,33,85,,65000
16,43,0,8,410,33,85,,23642
17,35,0,8,410,33,85,,3480
17,37,0,8,410,33,85,,3710
17,44,0,8,410,33,85,,3573
18,45,0,8,410,33,85,,6357
18,46,0,8,410,33,85,,5019
18,47,0,8,410,33,85,,8607
18,48,0,8,410,33,85,,7712
18,49,0,8,410,33,85,,20553
18,50,0,8,410,33,85,,14636
18,51,0,8,410,33,85,,13830
18,52,0,8,410,33,85,,15153
18,53,0,8,410,33,85,,13839
18,54,0,8,410,33,85,,12882
18,55,0,8,410,33,85,,10842
18,56,0,8,410,33,85,,9723
19,57,0,8,410,33,85,,"3,033"
19,58,0,8,410,33,85,,"4,325"
19,59,0,8,410,33,85,,-
19,60,0,8,410,33,85,,-
19,61,0,8,410,33,85,,-
19,23,0,8,410,33,85,,September
19,62,0,8,410,33,85,,-
19,63,0,8,410,33,85,,-
19,64,0,8,410,33,85,,"4,800"
20,65,0,8,410,33,85,,"30,661"
20,66,0,8,410,33,85,,"15,563"
21,67,0,8,410,33,85,,"16,500"
21,68,0,8,410,33,85,,"12,750"
21,69,0,8,410,33,85,,"10,550"
21,70,0,8,410,33,85,,"13,125"
21,71,0,8,410,33,85,,"10,014"
21,72,0,8,410,33,85,,"6,475"
21,73,0,8,410,33,85,,-
21,74,0,8,410,33,85,,-
21,23,0,8,410,33,85,,
21,75,0,8,410,33,85,,-
21,76,0,8,410,33,85,,-
21,77,0,8,410,33,85,,-
21,78,0,8,410,33,85,,-
21,79,0,8,410,33,85,,-
21,80,0,8,410,33,85,,-
21,81,0,8,410,33,85,,-
21,82,0,8,410,33,85,,-
21,83,0,8,410,33,85,,-
21,84,0,8,410,33,85,,-
21,85,0,8,410,33,85,,-
22,86,0,8,410,33,85,,"27,225"
22,23,0,8,410,33,85,,
22,23,0,8,410,33,85,,
22,1,0,8,410,33,85,,"33,296"
22,87,0,8,410,33,85,,"53,517"
22,88,0,8,410,33,85,,"11,500"
23,87,0,8,410,33,85,,"54,600"
23,23,0,8,410,33,85,,
23,23,0,8,410,33,85,,
23,5,0,8,410,33,85,,"39,813"
23,88,0,8,410,33,85,,-
24,89,0,8,410,33,85,,"2,979"
24,90,0,8,410,33,85,,"3,774"
25,91,0,8,410,33,85,,786
25,23,0,8,410,33,85,,
25,23,0,8,410,33,85,,
25,92,0,8,410,33,85,,"1,090"
25,93,0,8,410,33,85,,782
25,94,0,8,410,33,85,,733
25,95,0,8,410,33,85,,"3,250"
25,96,0,8,410,33,85,,"5,265"
25,97,0,8,410,33,85,,238
26,98,0,8,410,33,85,,117
26,23,0,8,410,33,85,,September
27,23,0,8,410,33,85,,
28,99,0,8,410,33,85,,594
29,100,0,8,410,33,85,,"5,228"
29,101,0,8,410,33,85,,-
30,18,0,8,410,33,85,,"82,900"
31,102,0,8,410,33,85,,"6,325"
32,18,0,8,410,33,85,,"5,825"
33,18,0,8,410,33,85,,"5,400"
34,103,0,8,410,33,85,,"2,180"
34,23,0,8,410,33,85,,
34,23,0,8,410,33,85,,
35,104,0,8,410,33,85,,"35,250"
35,23,0,8,410,33,85,,
35,23,0,8,410,33,85,,
35,105,0,8,410,33,85,,"35,740"
35,106,0,8,410,33,85,,"35,500"
35,107,0,8,410,33,85,,"10,614"
35,108,0,8,410,33,85,,"23,818"
36,109,0,8,410,33,85,,"50,035"
36,90,0,8,410,33,85,,"69,908"
37,110,0,8,410,33,85,,"1,072"
37,111,0,8,410,33,85,,812
37,23,0,8,410,33,85,,
37,23,0,8,410,33,85,,
37,112,0,8,410,33,85,,778
37,113,0,8,410,33,85,,"1,012"
38,114,0,8,410,33,85,,"33,167"
38,115,0,8,410,33,85,,"27,924"
38,23,0,8,410,33,85,,
38,23,0,8,410,33,85,,
38,116,0,8,410,33,85,,"24,689"
38,23,0,8,410,33,85,,
38,23,0,8,410,33,85,,
38,117,0,8,410,33,85,,"23,038"
38,23,0,8,410,33,85,,
38,23,0,8,410,33,85,,
38,118,0,8,410,33,85,,"20,475"
38,119,0,8,410,33,85,,"32,155"
38,5,0,8,410,33,85,,"27,779"
38,120,0,8,410,33,85,,"22,291"
39,121,0,8,410,33,85,,"20,201"
39,120,0,8,410,33,85,,"15,113"
39,122,0,8,410,33,85,,"48,167"
39,120,0,8,410,33,85,,"42,000"
39,123,0,8,410,33,85,,"59,850"
39,124,0,8,410,33,85,,"38,500"
39,125,0,8,410,33,85,,"85,000"
39,126,0,8,410,33,85,,"20,167"
39,127,0,8,410,33,85,,"11,703"
39,120,0,8,410,33,85,,"10,046"
39,23,0,8,410,33,85,,September
39,128,0,8,410,33,85,,"60,351"
39,129,0,8,410,33,85,,"61,375"
39,130,0,8,410,33,85,,"55,963"
39,120,0,8,410,33,85,,"39,958"
39,131,0,8,410,33,85,,"15,015"
39,132,0,8,410,33,85,,"61,076"
39,133,0,8,410,33,85,,"44,745"
39,134,0,8,410,33,85,,"12,756"
39,135,0,8,410,33,85,,"15,817"
39,136,0,8,410,33,85,,"12,167"
39,137,0,8,410,33,85,,"80,000"
40,137,0,8,410,33,85,,"135,000"
40,138,0,8,410,33,85,,"48,043"
40,139,0,8,410,33,85,,"36,031"
40,140,0,8,410,33,85,,"67,797"
40,141,0,8,410,33,85,,"43,604"
40,142,0,8,410,33,85,,"54,813"
41,18,0,8,410,33,85,,"29,690"
42,143,0,8,410,33,85,,"7,257"
42,23,0,8,410,33,85,,
42,23,0,8,410,33,85,,
42,1,0,8,410,33,85,,"5,195"
42,124,0,8,410,33,85,,"2,670"
42,144,0,8,410,33,85,,"2,006"
43,145,0,8,410,33,85,,-
43,146,0,8,410,33,85,,-
43,147,0,8,410,33,85,,-
43,148,0,8,410,33,85,,"2,500"
43,149,0,8,410,33,85,,"6,375"
43,150,0,8,410,33,85,,"8,205"
44,151,0,8,410,33,85,,"18,000"
44,124,0,8,410,33,85,,"9,000"
45,152,0,8,410,33,85,,"3,762"
45,153,0,8,410,33,85,,"2,042"
45,154,0,8,410,33,85,,290
45,155,0,8,410,33,85,,351
45,156,0,8,410,33,85,,"3,310"
45,157,0,8,410,33,85,,"2,411"
45,158,0,8,410,33,85,,"1,475"
45,159,0,8,410,33,85,,"13,481"
45,160,0,8,410,33,85,,"5,850"
45,161,0,8,410,33,85,,"6,500"
46,162,0,8,410,33,85,,-
46,163,0,8,410,33,85,,"6,411"
46,164,0,8,410,33,85,,-
46,23,0,8,410,33,85,,September
46,165,0,8,410,33,85,,245
46,166,0,8,410,33,85,,424
46,167,0,8,410,33,85,,324
46,168,0,8,410,33,85,,"4,015"
46,169,0,8,410,33,85,,"3,606"
46,43,0,8,410,33,85,,"3,464"
46,170,0,8,410,33,85,,"21,111"
46,171,0,8,410,33,85,,"9,500"
46,172,0,8,410,33,85,,"10,750"
47,173,0,8,410,33,85,,"3,310"
47,174,0,8,410,33,85,,"2,913"
47,175,0,8,410,33,85,,"2,956"
48,23,0,8,410,33,85,,"2,630"
47,176,0,8,410,33,85,,"4,530"
47,177,0,8,410,33,85,,"3,958"
47,178,0,8,410,33,85,,"2,075"
47,179,0,8,410,33,85,,"2,167"
47,180,0,8,410,33,85,,"2,352"
47,181,0,8,410,33,85,,"5,424"
47,182,0,8,410,33,85,,"4,747"
47,183,0,8,410,33,85,,"2,173"
47,184,0,8,410,33,85,,"3,066"
47,185,0,8,410,33,85,,"2,713"
47,186,0,8,410,33,85,,"2,871"
47,187,0,8,410,33,85,,"3,826"
47,188,0,8,410,33,85,,"3,579"
47,189,0,8,410,33,85,,"3,251"
47,190,0,8,410,33,85,,"2,260"
47,191,0,8,410,33,85,,"3,184"
47,192,0,8,410,33,85,,"3,771"
47,193,0,8,410,33,85,,"3,219"
47,194,0,8,410,33,85,,"5,036"
47,195,0,8,410,33,85,,"3,300"
47,196,0,8,410,33,85,,"2,889"
47,197,0,8,410,33,85,,"2,649"
47,198,0,8,410,33,85,,"1,551"
47,199,0,8,410,33,85,,"1,831"
47,200,0,8,410,33,85,,"1,483"
47,201,0,8,410,33,85,,"1,474"
47,202,0,8,410,33,85,,"1,412"
47,203,0,8,410,33,85,,"2,087"
47,204,0,8,410,33,85,,"1,489"
47,205,0,8,410,33,85,,"1,733"
47,206,0,8,410,33,85,,"2,499"
47,23,0,8,410,33,85,,September
47,207,0,8,410,33,85,,411
47,208,0,8,410,33,85,,"1,260"
49,209,0,8,410,33,85,,"5,759"
49,210,0,8,410,33,85,,"5,775"
50,211,0,8,410,33,85,,"6,750"
50,170,0,8,410,33,85,,"9,207"
51,212,0,8,410,33,85,,"2,574"
51,15,0,8,410,33,85,,"1,532"
52,213,0,8,410,33,85,,"2,784"
52,22,0,8,410,33,85,,"3,685"
52,214,0,8,410,33,85,,"3,316"
52,215,0,8,410,33,85,,"2,915"
52,216,0,8,410,33,85,,"1,242"
52,217,0,8,410,33,85,,529
0,0,0,9,256,33,84,,"2,581"
0,1,0,9,256,33,84,,"2,616"
0,2,0,9,256,33,84,,"2,617"
0,3,0,9,256,33,84,,"2,582"
0,4,0,9,256,33,84,,-
1,5,0,9,256,33,84,,"2,740"
1,6,0,9,256,33,84,,"2,487"
1,7,0,9,256,33,84,,-
2,8,0,9,256,33,84,,"2,993"
2,5,0,9,256,33,84,,"2,841"
2,6,0,9,256,33,84,,"2,673"
2,7,0,9,256,33,84,,"2,700"
3,8,0,9,256,33,84,,"5,384"
3,5,0,9,256,33,84,,"4,627"
3,6,0,9,256,33,84,,"4,153"
3,7,0,9,256,33,84,,"5,007"
4,1,0,9,256,33,84,,-
4,6,0,9,256,33,84,,"4,283"
4,3,0,9,256,33,84,,-
5,8,0,9,256,33,84,,"5,251"
5,5,0,9,256,33,84,,"4,667"
5,6,0,9,256,33,84,,"4,193"
5,7,0,9,256,33,84,,"4,950"
6,9,0,9,256,33,84,,"4,043"
7,10,0,9,256,33,84,,"8,648"
7,11,0,9,256,33,84,,"7,997"
7,12,0,9,256,33,84,,"6,343"
8,13,0,9,256,33,84,,"2,509"
8,14,0,9,256,33,84,,"2,528"
9,13,0,9,256,33,84,,-
9,14,0,9,256,33,84,,"2,606"
10,15,0,9,256,33,84,,"2,491"
10,16,0,9,256,33,84,,"3,009"
11,15,0,9,256,33,84,,"3,148"
11,17,0,9,256,33,84,,"4,063"
12,18,0,9,256,33,84,,"1,875"
13,19,0,9,256,33,84,,8057
13,20,0,9,256,33,84,,6491
13,21,0,9,256,33,84,,8604
13,22,0,9,256,33,84,,6561
13,23,0,9,256,33,84,,October
13,24,0,9,256,33,84,,4816
13,25,0,9,256,33,84,,4816
13,26,0,9,256,33,84,,5099
14,27,0,9,256,33,84,,10223
14,28,0,9,256,33,84,,10615
14,29,0,9,256,33,84,,10836
14,30,0,9,256,33,84,,7413
14,31,0,9,256,33,84,,9049
14,32,0,9,256,33,84,,11814
14,33,0,9,256,33,84,,7385
14,34,0,9,256,33,84,,7494
14,24,0,9,256,33,84,,7916
14,25,0,9,256,33,84,,3865
14,26,0,9,256,33,84,,6335
15,35,0,9,256,33,84,,5622
15,36,0,9,256,33,84,,6190
15,37,0,9,256,33,84,,6602
15,38,0,9,256,33,84,,9373
16,35,0,9,256,33,84,,13340
16,39,0,9,256,33,84,,8852
16,40,0,9,256,33,84,,7693
16,41,0,9,256,33,84,,8449
16,42,0,9,256,33,84,,65000
16,43,0,9,256,33,84,,23888
17,35,0,9,256,33,84,,3466
17,37,0,9,256,33,84,,3715
17,44,0,9,256,33,84,,3575
18,45,0,9,256,33,84,,7819
18,46,0,9,256,33,84,,6690
18,47,0,9,256,33,84,,9294
18,48,0,9,256,33,84,,8309
18,49,0,9,256,33,84,,21069
18,50,0,9,256,33,84,,16198
18,51,0,9,256,33,84,,11317
18,52,0,9,256,33,84,,13818
18,53,0,9,256,33,84,,13351
18,54,0,9,256,33,84,,12765
18,55,0,9,256,33,84,,10426
18,56,0,9,256,33,84,,9100
19,57,0,9,256,33,84,,"3,033"
19,58,0,9,256,33,84,,"5,190"
19,59,0,9,256,33,84,,-
19,60,0,9,256,33,84,,-
19,61,0,9,256,33,84,,-
19,23,0,9,256,33,84,,October
19,62,0,9,256,33,84,,-
19,63,0,9,256,33,84,,-
19,64,0,9,256,33,84,,"5,515"
20,65,0,9,256,33,84,,"30,847"
20,66,0,9,256,33,84,,"15,563"
21,67,0,9,256,33,84,,"12,567"
21,68,0,9,256,33,84,,"12,750"
21,69,0,9,256,33,84,,"10,550"
21,70,0,9,256,33,84,,"12,369"
21,71,0,9,256,33,84,,"10,014"
21,72,0,9,256,33,84,,"6,475"
21,73,0,9,256,33,84,,-
21,74,0,9,256,33,84,,-
21,23,0,9,256,33,84,,
21,75,0,9,256,33,84,,-
21,76,0,9,256,33,84,,-
21,77,0,9,256,33,84,,-
21,78,0,9,256,33,84,,-
21,79,0,9,256,33,84,,-
21,80,0,9,256,33,84,,-
21,81,0,9,256,33,84,,-
21,82,0,9,256,33,84,,-
21,83,0,9,256,33,84,,-
21,84,0,9,256,33,84,,-
21,85,0,9,256,33,84,,-
22,86,0,9,256,33,84,,"25,979"
22,23,0,9,256,33,84,,
22,23,0,9,256,33,84,,
22,1,0,9,256,33,84,,"33,441"
22,87,0,9,256,33,84,,"53,700"
22,88,0,9,256,33,84,,"11,500"
23,87,0,9,256,33,84,,"46,025"
23,23,0,9,256,33,84,,
23,23,0,9,256,33,84,,
23,5,0,9,256,33,84,,"40,563"
23,88,0,9,256,33,84,,-
24,89,0,9,256,33,84,,"2,979"
24,90,0,9,256,33,84,,"3,762"
25,91,0,9,256,33,84,,786
25,23,0,9,256,33,84,,
25,23,0,9,256,33,84,,
25,92,0,9,256,33,84,,"1,091"
25,93,0,9,256,33,84,,782
25,94,0,9,256,33,84,,733
25,95,0,9,256,33,84,,"3,250"
25,96,0,9,256,33,84,,"5,265"
25,97,0,9,256,33,84,,239
26,98,0,9,256,33,84,,117
26,23,0,9,256,33,84,,October
27,23,0,9,256,33,84,,
28,99,0,9,256,33,84,,594
29,100,0,9,256,33,84,,"5,228"
29,101,0,9,256,33,84,,-
30,18,0,9,256,33,84,,"82,900"
31,102,0,9,256,33,84,,"6,325"
32,18,0,9,256,33,84,,"5,825"
33,18,0,9,256,33,84,,"5,400"
34,103,0,9,256,33,84,,"2,180"
34,23,0,9,256,33,84,,
34,23,0,9,256,33,84,,
35,104,0,9,256,33,84,,"34,439"
35,23,0,9,256,33,84,,
35,23,0,9,256,33,84,,
35,105,0,9,256,33,84,,"34,991"
35,106,0,9,256,33,84,,"34,500"
35,107,0,9,256,33,84,,"11,053"
35,108,0,9,256,33,84,,"29,469"
36,109,0,9,256,33,84,,"49,992"
36,90,0,9,256,33,84,,"70,047"
37,110,0,9,256,33,84,,"1,088"
37,111,0,9,256,33,84,,830
37,23,0,9,256,33,84,,
37,23,0,9,256,33,84,,
37,112,0,9,256,33,84,,-
37,113,0,9,256,33,84,,"1,046"
38,114,0,9,256,33,84,,"33,250"
38,115,0,9,256,33,84,,"28,124"
38,23,0,9,256,33,84,,
38,23,0,9,256,33,84,,
38,116,0,9,256,33,84,,"24,698"
38,23,0,9,256,33,84,,
38,23,0,9,256,33,84,,
38,117,0,9,256,33,84,,"23,447"
38,23,0,9,256,33,84,,
38,23,0,9,256,33,84,,
38,118,0,9,256,33,84,,"20,241"
38,119,0,9,256,33,84,,"30,875"
38,5,0,9,256,33,84,,"27,672"
38,120,0,9,256,33,84,,"22,163"
39,121,0,9,256,33,84,,"19,853"
39,120,0,9,256,33,84,,"14,971"
39,122,0,9,256,33,84,,"52,000"
39,120,0,9,256,33,84,,"36,833"
39,123,0,9,256,33,84,,"60,917"
39,124,0,9,256,33,84,,"38,750"
39,125,0,9,256,33,84,,"85,000"
39,126,0,9,256,33,84,,"15,318"
39,127,0,9,256,33,84,,"11,643"
39,120,0,9,256,33,84,,"9,748"
39,23,0,9,256,33,84,,October
39,128,0,9,256,33,84,,"59,655"
39,129,0,9,256,33,84,,"64,150"
39,130,0,9,256,33,84,,"61,591"
39,120,0,9,256,33,84,,"40,789"
39,131,0,9,256,33,84,,"14,529"
39,132,0,9,256,33,84,,"61,250"
39,133,0,9,256,33,84,,"44,313"
39,134,0,9,256,33,84,,"12,878"
39,135,0,9,256,33,84,,"15,836"
39,136,0,9,256,33,84,,"12,065"
39,137,0,9,256,33,84,,"64,500"
40,137,0,9,256,33,84,,"128,750"
40,138,0,9,256,33,84,,"47,769"
40,139,0,9,256,33,84,,"35,125"
40,140,0,9,256,33,84,,"63,188"
40,141,0,9,256,33,84,,"42,125"
40,142,0,9,256,33,84,,"52,375"
41,18,0,9,256,33,84,,"30,552"
42,143,0,9,256,33,84,,"7,339"
42,23,0,9,256,33,84,,
42,23,0,9,256,33,84,,
42,1,0,9,256,33,84,,"4,858"
42,124,0,9,256,33,84,,"2,723"
42,144,0,9,256,33,84,,"1,550"
43,145,0,9,256,33,84,,-
43,146,0,9,256,33,84,,-
43,147,0,9,256,33,84,,-
43,148,0,9,256,33,84,,-
43,149,0,9,256,33,84,,-
43,150,0,9,256,33,84,,-
44,151,0,9,256,33,84,,-
44,124,0,9,256,33,84,,-
45,152,0,9,256,33,84,,"3,697"
45,153,0,9,256,33,84,,"2,248"
45,154,0,9,256,33,84,,334
45,155,0,9,256,33,84,,359
45,156,0,9,256,33,84,,"3,599"
45,157,0,9,256,33,84,,"2,955"
45,158,0,9,256,33,84,,"1,422"
45,159,0,9,256,33,84,,"13,360"
45,160,0,9,256,33,84,,-
45,161,0,9,256,33,84,,"6,500"
46,162,0,9,256,33,84,,-
46,163,0,9,256,33,84,,"6,989"
46,164,0,9,256,33,84,,-
46,23,0,9,256,33,84,,October
46,165,0,9,256,33,84,,244
46,166,0,9,256,33,84,,414
46,167,0,9,256,33,84,,325
46,168,0,9,256,33,84,,"3,564"
46,169,0,9,256,33,84,,"2,275"
46,43,0,9,256,33,84,,"3,511"
46,170,0,9,256,33,84,,"20,794"
46,171,0,9,256,33,84,,"8,713"
46,172,0,9,256,33,84,,"11,563"
47,173,0,9,256,33,84,,"3,700"
47,174,0,9,256,33,84,,"3,483"
47,175,0,9,256,33,84,,"3,539"
48,23,0,9,256,33,84,,"2,686"
47,176,0,9,256,33,84,,"5,290"
47,177,0,9,256,33,84,,"4,531"
47,178,0,9,256,33,84,,"2,243"
47,179,0,9,256,33,84,,"2,491"
47,180,0,9,256,33,84,,"2,496"
47,181,0,9,256,33,84,,"5,624"
47,182,0,9,256,33,84,,"5,342"
47,183,0,9,256,33,84,,"2,332"
47,184,0,9,256,33,84,,"3,056"
47,185,0,9,256,33,84,,"2,619"
47,186,0,9,256,33,84,,"3,126"
47,187,0,9,256,33,84,,"4,118"
47,188,0,9,256,33,84,,"4,178"
47,189,0,9,256,33,84,,"4,170"
47,190,0,9,256,33,84,,"2,422"
47,191,0,9,256,33,84,,"4,582"
47,192,0,9,256,33,84,,"4,070"
47,193,0,9,256,33,84,,"3,710"
47,194,0,9,256,33,84,,"5,067"
47,195,0,9,256,33,84,,"3,343"
47,196,0,9,256,33,84,,"2,930"
47,197,0,9,256,33,84,,"2,708"
47,198,0,9,256,33,84,,"1,551"
47,199,0,9,256,33,84,,"1,841"
47,200,0,9,256,33,84,,"1,500"
47,201,0,9,256,33,84,,"1,473"
47,202,0,9,256,33,84,,"1,412"
47,203,0,9,256,33,84,,"2,087"
47,204,0,9,256,33,84,,"1,489"
47,205,0,9,256,33,84,,"1,733"
47,206,0,9,256,33,84,,"2,499"
47,23,0,9,256,33,84,,October
47,207,0,9,256,33,84,,390
47,208,0,9,256,33,84,,"1,260"
49,209,0,9,256,33,84,,"5,756"
49,210,0,9,256,33,84,,"5,767"
50,211,0,9,256,33,84,,"6,738"
50,170,0,9,256,33,84,,"9,207"
51,212,0,9,256,33,84,,"2,574"
51,15,0,9,256,33,84,,"1,499"
52,213,0,9,256,33,84,,"2,784"
52,22,0,9,256,33,84,,"3,685"
52,214,0,9,256,33,84,,"3,292"
52,215,0,9,256,33,84,,"2,919"
52,216,0,9,256,33,84,,"1,252"
52,217,0,9,256,33,84,,538
0,0,0,10,38,31,78,,2830
0,1,0,10,38,31,78,,2641
0,2,0,10,38,31,78,,2469
0,3,0,10,38,31,78,,2578
0,4,0,10,38,31,78,,3665
1,5,0,10,38,31,78,,2862
1,6,0,10,38,31,78,,2541
1,7,0,10,38,31,78,,-
2,8,0,10,38,31,78,,2977
2,5,0,10,38,31,78,,2833
2,6,0,10,38,31,78,,2675
2,7,0,10,38,31,78,,-
3,8,0,10,38,31,78,,5334
3,5,0,10,38,31,78,,4527
3,6,0,10,38,31,78,,4074
3,7,0,10,38,31,78,,4965
4,1,0,10,38,31,78,,
4,6,0,10,38,31,78,,4310
4,3,0,10,38,31,78,,
5,8,0,10,38,31,78,,5252
5,5,0,10,38,31,78,,4669
5,6,0,10,38,31,78,,4127
5,7,0,10,38,31,78,,4880
6,9,0,10,38,31,78,,3997
7,10,0,10,38,31,78,,8629
7,11,0,10,38,31,78,,2022
7,12,0,10,38,31,78,,6358
8,13,0,10,38,31,78,,2536
8,14,0,10,38,31,78,,2560
9,13,0,10,38,31,78,,-
9,14,0,10,38,31,78,,2564
10,15,0,10,38,31,78,,2569
10,16,0,10,38,31,78,,2999
11,15,0,10,38,31,78,,3169
11,17,0,10,38,31,78,,4086
12,18,0,10,38,31,78,,1929
13,19,0,10,38,31,78,,8573
13,20,0,10,38,31,78,,6437
13,21,0,10,38,31,78,,8690
13,22,0,10,38,31,78,,6722
13,23,0,10,38,31,78,,November
13,24,0,10,38,31,78,,4970
13,25,0,10,38,31,78,,4970
13,26,0,10,38,31,78,,5062
14,27,0,10,38,31,78,,10368
14,28,0,10,38,31,78,,12331
14,29,0,10,38,31,78,,11559
14,30,0,10,38,31,78,,7461
14,31,0,10,38,31,78,,9289
14,32,0,10,38,31,78,,12109
14,33,0,10,38,31,78,,7530
14,34,0,10,38,31,78,,7939
14,24,0,10,38,31,78,,7598
14,25,0,10,38,31,78,,3919
14,26,0,10,38,31,78,,7222
15,35,0,10,38,31,78,,6246
15,36,0,10,38,31,78,,6258
15,37,0,10,38,31,78,,8538
15,38,0,10,38,31,78,,10558
16,35,0,10,38,31,78,,13547
16,39,0,10,38,31,78,,9355
16,40,0,10,38,31,78,,8291
16,41,0,10,38,31,78,,10291
16,42,0,10,38,31,78,,65000
16,43,0,10,38,31,78,,23783
17,35,0,10,38,31,78,,3507
17,37,0,10,38,31,78,,3728
17,44,0,10,38,31,78,,3560
18,45,0,10,38,31,78,,6444
18,46,0,10,38,31,78,,4814
18,47,0,10,38,31,78,,10020
18,48,0,10,38,31,78,,9479
18,49,0,10,38,31,78,,21230
18,50,0,10,38,31,78,,11157
18,51,0,10,38,31,78,,9516
18,52,0,10,38,31,78,,10193
18,53,0,10,38,31,78,,12874
18,54,0,10,38,31,78,,12685
18,55,0,10,38,31,78,,10161
18,56,0,10,38,31,78,,9200
19,57,0,10,38,31,78,,3033
19,58,0,10,38,31,78,,5031
19,59,0,10,38,31,78,,
19,60,0,10,38,31,78,,
19,61,0,10,38,31,78,,
19,23,0,10,38,31,78,,November
19,62,0,10,38,31,78,,
19,63,0,10,38,31,78,,
19,64,0,10,38,31,78,,5398
20,65,0,10,38,31,78,,30573
20,66,0,10,38,31,78,,15563
21,67,0,10,38,31,78,,12567
21,68,0,10,38,31,78,,12750
21,69,0,10,38,31,78,,10550
21,70,0,10,38,31,78,,13131
21,71,0,10,38,31,78,,10014
21,72,0,10,38,31,78,,6475
21,73,0,10,38,31,78,,-
21,74,0,10,38,31,78,,-
21,23,0,10,38,31,78,,
21,75,0,10,38,31,78,,-
21,76,0,10,38,31,78,,-
21,77,0,10,38,31,78,,-
21,78,0,10,38,31,78,,-
21,79,0,10,38,31,78,,-
21,80,0,10,38,31,78,,-
21,81,0,10,38,31,78,,-
21,82,0,10,38,31,78,,-
21,83,0,10,38,31,78,,-
21,84,0,10,38,31,78,,-
21,85,0,10,38,31,78,,-
22,86,0,10,38,31,78,,26604
22,23,0,10,38,31,78,,
22,23,0,10,38,31,78,,
22,1,0,10,38,31,78,,33477
22,87,0,10,38,31,78,,53746
22,88,0,10,38,31,78,,11500
23,87,0,10,38,31,78,,45958
23,23,0,10,38,31,78,,
23,23,0,10,38,31,78,,
23,5,0,10,38,31,78,,40750
23,88,0,10,38,31,78,,
24,89,0,10,38,31,78,,2979
24,90,0,10,38,31,78,,3620
25,91,0,10,38,31,78,,787
25,23,0,10,38,31,78,,
25,23,0,10,38,31,78,,
25,92,0,10,38,31,78,,1091
25,93,0,10,38,31,78,,782
25,94,0,10,38,31,78,,733
25,95,0,10,38,31,78,,3250
25,96,0,10,38,31,78,,5265
25,97,0,10,38,31,78,,238
26,98,0,10,38,31,78,,117
26,23,0,10,38,31,78,,November
27,23,0,10,38,31,78,,
28,99,0,10,38,31,78,,594
29,100,0,10,38,31,78,,5228
29,101,0,10,38,31,78,,
30,18,0,10,38,31,78,,82900
31,102,0,10,38,31,78,,6325
32,18,0,10,38,31,78,,5825
33,18,0,10,38,31,78,,5400
34,103,0,10,38,31,78,,2180
34,23,0,10,38,31,78,,
34,23,0,10,38,31,78,,
35,104,0,10,38,31,78,,34014
35,23,0,10,38,31,78,,
35,23,0,10,38,31,78,,
35,105,0,10,38,31,78,,34596
35,106,0,10,38,31,78,,34719
35,107,0,10,38,31,78,,11091
35,108,0,10,38,31,78,,28594
36,109,0,10,38,31,78,,49992
36,90,0,10,38,31,78,,70052
37,110,0,10,38,31,78,,1083
37,111,0,10,38,31,78,,786
37,23,0,10,38,31,78,,
37,23,0,10,38,31,78,,
37,112,0,10,38,31,78,,747
37,113,0,10,38,31,78,,1061
38,114,0,10,38,31,78,,33500
38,115,0,10,38,31,78,,27874
38,23,0,10,38,31,78,,
38,23,0,10,38,31,78,,
38,116,0,10,38,31,78,,24371
38,23,0,10,38,31,78,,
38,23,0,10,38,31,78,,
38,117,0,10,38,31,78,,23441
38,23,0,10,38,31,78,,
38,23,0,10,38,31,78,,
38,118,0,10,38,31,78,,20148
38,119,0,10,38,31,78,,30875
38,5,0,10,38,31,78,,27694
38,120,0,10,38,31,78,,22074
39,121,0,10,38,31,78,,19911
39,120,0,10,38,31,78,,14847
39,122,0,10,38,31,78,,53000
39,120,0,10,38,31,78,,42100
39,123,0,10,38,31,78,,60361
39,124,0,10,38,31,78,,38662
39,125,0,10,38,31,78,,85000
39,126,0,10,38,31,78,,19781
39,127,0,10,38,31,78,,11589
39,120,0,10,38,31,78,,9646
39,23,0,10,38,31,78,,November
39,128,0,10,38,31,78,,57328
39,129,0,10,38,31,78,,61361
39,130,0,10,38,31,78,,61080
39,120,0,10,38,31,78,,40775
39,131,0,10,38,31,78,,14487
39,132,0,10,38,31,78,,60140
39,133,0,10,38,31,78,,41934
39,134,0,10,38,31,78,,12682
39,135,0,10,38,31,78,,15725
39,136,0,10,38,31,78,,11960
39,137,0,10,38,31,78,,67375
40,137,0,10,38,31,78,,128750
40,138,0,10,38,31,78,,47744
40,139,0,10,38,31,78,,35188
40,140,0,10,38,31,78,,69828
40,141,0,10,38,31,78,,41708
40,142,0,10,38,31,78,,53000
41,18,0,10,38,31,78,,31192
42,143,0,10,38,31,78,,7665
42,23,0,10,38,31,78,,
42,23,0,10,38,31,78,,
42,1,0,10,38,31,78,,5043
42,124,0,10,38,31,78,,2733
42,144,0,10,38,31,78,,1650
43,145,0,10,38,31,78,,-
43,146,0,10,38,31,78,,-
43,147,0,10,38,31,78,,-
43,148,0,10,38,31,78,,-
43,149,0,10,38,31,78,,-
43,150,0,10,38,31,78,,-
44,151,0,10,38,31,78,,-
44,124,0,10,38,31,78,,-
45,152,0,10,38,31,78,,3593
45,153,0,10,38,31,78,,2237
45,154,0,10,38,31,78,,375
45,155,0,10,38,31,78,,357
45,156,0,10,38,31,78,,4091
45,157,0,10,38,31,78,,2899
45,158,0,10,38,31,78,,1906
45,159,0,10,38,31,78,,12470
45,160,0,10,38,31,78,,
45,161,0,10,38,31,78,,
46,162,0,10,38,31,78,,
46,163,0,10,38,31,78,,6784
46,164,0,10,38,31,78,,
46,23,0,10,38,31,78,,November
46,165,0,10,38,31,78,,244
46,166,0,10,38,31,78,,409
46,167,0,10,38,31,78,,323
46,168,0,10,38,31,78,,4008
46,169,0,10,38,31,78,,2228
46,43,0,10,38,31,78,,3506
46,170,0,10,38,31,78,,21275
46,171,0,10,38,31,78,,8438
46,172,0,10,38,31,78,,11625
47,173,0,10,38,31,78,,3919
47,174,0,10,38,31,78,,3666
47,175,0,10,38,31,78,,3693
48,23,0,10,38,31,78,,-
47,176,0,10,38,31,78,,4294
47,177,0,10,38,31,78,,4101
47,178,0,10,38,31,78,,2332
47,179,0,10,38,31,78,,2716
47,180,0,10,38,31,78,,2419
47,181,0,10,38,31,78,,4967
47,182,0,10,38,31,78,,4869
47,183,0,10,38,31,78,,2418
47,184,0,10,38,31,78,,3315
47,185,0,10,38,31,78,,2999
47,186,0,10,38,31,78,,3544
47,187,0,10,38,31,78,,4622
47,188,0,10,38,31,78,,4240
47,189,0,10,38,31,78,,3486
47,190,0,10,38,31,78,,3220
47,191,0,10,38,31,78,,-
47,192,0,10,38,31,78,,4567
47,193,0,10,38,31,78,,5565
47,194,0,10,38,31,78,,5040
47,195,0,10,38,31,78,,3522
47,196,0,10,38,31,78,,3019
47,197,0,10,38,31,78,,2834
47,198,0,10,38,31,78,,1686
47,199,0,10,38,31,78,,2091
47,200,0,10,38,31,78,,2079
47,201,0,10,38,31,78,,1526
47,202,0,10,38,31,78,,1474
47,203,0,10,38,31,78,,3705
47,204,0,10,38,31,78,,2655
47,205,0,10,38,31,78,,2308
47,206,0,10,38,31,78,,3535
47,23,0,10,38,31,78,,November
47,207,0,10,38,31,78,,422
47,208,0,10,38,31,78,,1360
49,209,0,10,38,31,78,,5815
49,210,0,10,38,31,78,,-
50,211,0,10,38,31,78,,6796
50,170,0,10,38,31,78,,8956
51,212,0,10,38,31,78,,2575
51,15,0,10,38,31,78,,1526
52,213,0,10,38,31,78,,2879
52,22,0,10,38,31,78,,3681
52,214,0,10,38,31,78,,3303
52,215,0,10,38,31,78,,2918
52,216,0,10,38,31,78,,1245
52,217,0,10,38,31,78,,535
0,0,0,11,3,26,80,,2994
0,1,0,11,3,26,80,,2762
0,2,0,11,3,26,80,,2534
0,3,0,11,3,26,80,,2838
0,4,0,11,3,26,80,,4441
1,5,0,11,3,26,80,,-
1,6,0,11,3,26,80,,-
1,7,0,11,3,26,80,,-
2,8,0,11,3,26,80,,3140
2,5,0,11,3,26,80,,2937
2,6,0,11,3,26,80,,2696
2,7,0,11,3,26,80,,-
3,8,0,11,3,26,80,,5493
3,5,0,11,3,26,80,,4627
3,6,0,11,3,26,80,,4103
3,7,0,11,3,26,80,,5102
4,1,0,11,3,26,80,,-
4,6,0,11,3,26,80,,4288
4,3,0,11,3,26,80,,-
5,8,0,11,3,26,80,,5450
5,5,0,11,3,26,80,,5841
5,6,0,11,3,26,80,,4128
5,7,0,11,3,26,80,,4533
6,9,0,11,3,26,80,,3915
7,10,0,11,3,26,80,,8585
7,11,0,11,3,26,80,,8052
7,12,0,11,3,26,80,,6452
8,13,0,11,3,26,80,,2549
8,14,0,11,3,26,80,,2569
9,13,0,11,3,26,80,,-
9,14,0,11,3,26,80,,2610
10,15,0,11,3,26,80,,2593
10,16,0,11,3,26,80,,3012
11,15,0,11,3,26,80,,3177
11,17,0,11,3,26,80,,4035
12,18,0,11,3,26,80,,1953
13,19,0,11,3,26,80,,8778
13,20,0,11,3,26,80,,6416
13,21,0,11,3,26,80,,8759
13,22,0,11,3,26,80,,6740
13,23,0,11,3,26,80,,December
13,24,0,11,3,26,80,,5428
13,25,0,11,3,26,80,,5428
13,26,0,11,3,26,80,,4750
14,27,0,11,3,26,80,,10257
14,28,0,11,3,26,80,,11135
14,29,0,11,3,26,80,,10284
14,30,0,11,3,26,80,,7596
14,31,0,11,3,26,80,,9042
14,32,0,11,3,26,80,,12169
14,33,0,11,3,26,80,,7482
14,34,0,11,3,26,80,,7429
14,24,0,11,3,26,80,,7731
14,25,0,11,3,26,80,,3736
14,26,0,11,3,26,80,,6555
15,35,0,11,3,26,80,,5911
15,36,0,11,3,26,80,,6506
15,37,0,11,3,26,80,,6500
15,38,0,11,3,26,80,,9192
16,35,0,11,3,26,80,,13572
16,39,0,11,3,26,80,,9945
16,40,0,11,3,26,80,,8781
16,41,0,11,3,26,80,,9545
16,42,0,11,3,26,80,,65000
16,43,0,11,3,26,80,,23921
17,35,0,11,3,26,80,,3488
17,37,0,11,3,26,80,,3743
17,44,0,11,3,26,80,,3535
18,45,0,11,3,26,80,,4698
18,46,0,11,3,26,80,,3297
18,47,0,11,3,26,80,,8525
18,48,0,11,3,26,80,,8434
18,49,0,11,3,26,80,,21605
18,50,0,11,3,26,80,,8024
18,51,0,11,3,26,80,,7888
18,52,0,11,3,26,80,,8206
18,53,0,11,3,26,80,,13195
18,54,0,11,3,26,80,,12711
18,55,0,11,3,26,80,,9272
18,56,0,11,3,26,80,,4823
19,57,0,11,3,26,80,,3650
19,58,0,11,3,26,80,,5100
19,59,0,11,3,26,80,,-
19,60,0,11,3,26,80,,-
19,61,0,11,3,26,80,,-
19,23,0,11,3,26,80,,December
19,62,0,11,3,26,80,,-
19,63,0,11,3,26,80,,-
19,64,0,11,3,26,80,,5845
20,65,0,11,3,26,80,,30498
20,66,0,11,3,26,80,,15563
21,67,0,11,3,26,80,,12567
21,68,0,11,3,26,80,,12750
21,69,0,11,3,26,80,,10500
21,70,0,11,3,26,80,,11971
21,71,0,11,3,26,80,,8288
21,72,0,11,3,26,80,,6475
21,73,0,11,3,26,80,,-
21,74,0,11,3,26,80,,-
21,23,0,11,3,26,80,,
21,75,0,11,3,26,80,,-
21,76,0,11,3,26,80,,-
21,77,0,11,3,26,80,,-
21,78,0,11,3,26,80,,-
21,79,0,11,3,26,80,,-
21,80,0,11,3,26,80,,-
21,81,0,11,3,26,80,,-
21,82,0,11,3,26,80,,-
21,83,0,11,3,26,80,,-
21,84,0,11,3,26,80,,-
21,85,0,11,3,26,80,,-
22,86,0,11,3,26,80,,26251
22,23,0,11,3,26,80,,
22,23,0,11,3,26,80,,
22,1,0,11,3,26,80,,33730
22,87,0,11,3,26,80,,53997
22,88,0,11,3,26,80,,11514
23,87,0,11,3,26,80,,48692
23,23,0,11,3,26,80,,
23,23,0,11,3,26,80,,
23,5,0,11,3,26,80,,41813
23,88,0,11,3,26,80,,-
24,89,0,11,3,26,80,,2836
24,90,0,11,3,26,80,,3580
25,91,0,11,3,26,80,,788
25,23,0,11,3,26,80,,
25,23,0,11,3,26,80,,
25,92,0,11,3,26,80,,1093
25,93,0,11,3,26,80,,786
25,94,0,11,3,26,80,,736
25,95,0,11,3,26,80,,2440
25,96,0,11,3,26,80,,5225
25,97,0,11,3,26,80,,258
26,98,0,11,3,26,80,,116
26,23,0,11,3,26,80,,December
27,23,0,11,3,26,80,,
28,99,0,11,3,26,80,,594
29,100,0,11,3,26,80,,5228
29,101,0,11,3,26,80,,-
30,18,0,11,3,26,80,,82900
31,102,0,11,3,26,80,,6325
32,18,0,11,3,26,80,,5825
33,18,0,11,3,26,80,,5400
34,103,0,11,3,26,80,,2180
34,23,0,11,3,26,80,,
34,23,0,11,3,26,80,,
35,104,0,11,3,26,80,,33866
35,23,0,11,3,26,80,,
35,23,0,11,3,26,80,,
35,105,0,11,3,26,80,,34395
35,106,0,11,3,26,80,,34446
35,107,0,11,3,26,80,,10672
35,108,0,11,3,26,80,,27212
36,109,0,11,3,26,80,,49878
36,90,0,11,3,26,80,,70279
37,110,0,11,3,26,80,,1089
37,111,0,11,3,26,80,,697
37,23,0,11,3,26,80,,
37,23,0,11,3,26,80,,
37,112,0,11,3,26,80,,717
37,113,0,11,3,26,80,,1051
38,114,0,11,3,26,80,,32893
38,115,0,11,3,26,80,,28206
38,23,0,11,3,26,80,,
38,23,0,11,3,26,80,,
38,116,0,11,3,26,80,,24067
38,23,0,11,3,26,80,,
38,23,0,11,3,26,80,,
38,117,0,11,3,26,80,,23170
38,23,0,11,3,26,80,,
38,23,0,11,3,26,80,,
38,118,0,11,3,26,80,,19344
38,119,0,11,3,26,80,,30917
38,5,0,11,3,26,80,,27517
38,120,0,11,3,26,80,,21961
39,121,0,11,3,26,80,,19296
39,120,0,11,3,26,80,,14577
39,122,0,11,3,26,80,,54083
39,120,0,11,3,26,80,,36717
39,123,0,11,3,26,80,,63625
39,124,0,11,3,26,80,,37994
39,125,0,11,3,26,80,,76000
39,126,0,11,3,26,80,,17320
39,127,0,11,3,26,80,,11346
39,120,0,11,3,26,80,,9559
39,23,0,11,3,26,80,,December
39,128,0,11,3,26,80,,58566
39,129,0,11,3,26,80,,64778
39,130,0,11,3,26,80,,60339
39,120,0,11,3,26,80,,39968
39,131,0,11,3,26,80,,14359
39,132,0,11,3,26,80,,57604
39,133,0,11,3,26,80,,39560
39,134,0,11,3,26,80,,12540
39,135,0,11,3,26,80,,15732
39,136,0,11,3,26,80,,11641
39,137,0,11,3,26,80,,66300
40,137,0,11,3,26,80,,135000
40,138,0,11,3,26,80,,46713
40,139,0,11,3,26,80,,33120
40,140,0,11,3,26,80,,64861
40,141,0,11,3,26,80,,43400
40,142,0,11,3,26,80,,80000
41,18,0,11,3,26,80,,30943
42,143,0,11,3,26,80,,8486
42,23,0,11,3,26,80,,
42,23,0,11,3,26,80,,
42,1,0,11,3,26,80,,5762
42,124,0,11,3,26,80,,3634
42,144,0,11,3,26,80,,2418
43,145,0,11,3,26,80,,-
43,146,0,11,3,26,80,,-
43,147,0,11,3,26,80,,-
43,148,0,11,3,26,80,,-
43,149,0,11,3,26,80,,-
43,150,0,11,3,26,80,,-
44,151,0,11,3,26,80,,-
44,124,0,11,3,26,80,,-
45,152,0,11,3,26,80,,3440
45,153,0,11,3,26,80,,1542
45,154,0,11,3,26,80,,339
45,155,0,11,3,26,80,,350
45,156,0,11,3,26,80,,4071
45,157,0,11,3,26,80,,2349
45,158,0,11,3,26,80,,1723
45,159,0,11,3,26,80,,12703
45,160,0,11,3,26,80,,-
45,161,0,11,3,26,80,,-
46,162,0,11,3,26,80,,-
46,163,0,11,3,26,80,,6888
46,164,0,11,3,26,80,,-
46,23,0,11,3,26,80,,December
46,165,0,11,3,26,80,,240
46,166,0,11,3,26,80,,419
46,167,0,11,3,26,80,,319
46,168,0,11,3,26,80,,3821
46,169,0,11,3,26,80,,2750
46,43,0,11,3,26,80,,3754
46,170,0,11,3,26,80,,21562
46,171,0,11,3,26,80,,11656
46,172,0,11,3,26,80,,11485
47,173,0,11,3,26,80,,4062
47,174,0,11,3,26,80,,3703
47,175,0,11,3,26,80,,3789
48,23,0,11,3,26,80,,3975
47,176,0,11,3,26,80,,2547
47,177,0,11,3,26,80,,2978
47,178,0,11,3,26,80,,2127
47,179,0,11,3,26,80,,2262
47,180,0,11,3,26,80,,1870
47,181,0,11,3,26,80,,3840
47,182,0,11,3,26,80,,3698
47,183,0,11,3,26,80,,1989
47,184,0,11,3,26,80,,3161
47,185,0,11,3,26,80,,3137
47,186,0,11,3,26,80,,3185
47,187,0,11,3,26,80,,3705
47,188,0,11,3,26,80,,3440
47,189,0,11,3,26,80,,2841
47,190,0,11,3,26,80,,2811
47,191,0,11,3,26,80,,3100
47,192,0,11,3,26,80,,3508
47,193,0,11,3,26,80,,5603
47,194,0,11,3,26,80,,7622
47,195,0,11,3,26,80,,3265
47,196,0,11,3,26,80,,3072
47,197,0,11,3,26,80,,2568
47,198,0,11,3,26,80,,1419
47,199,0,11,3,26,80,,1851
47,200,0,11,3,26,80,,1750
47,201,0,11,3,26,80,,1581
47,202,0,11,3,26,80,,1599
47,203,0,11,3,26,80,,2200
47,204,0,11,3,26,80,,1988
47,205,0,11,3,26,80,,2010
47,206,0,11,3,26,80,,3826
47,23,0,11,3,26,80,,December
47,207,0,11,3,26,80,,404
47,208,0,11,3,26,80,,2141
49,209,0,11,3,26,80,,5838
49,210,0,11,3,26,80,,5820
50,211,0,11,3,26,80,,6820
50,170,0,11,3,26,80,,8856
51,212,0,11,3,26,80,,2546
51,15,0,11,3,26,80,,1489
52,213,0,11,3,26,80,,2892
52,22,0,11,3,26,80,,3697
52,214,0,11,3,26,80,,3301
52,215,0,11,3,26,80,,2927
52,216,0,11,3,26,80,,1266
52,217,0,11,3,26,80,,559
